The system is: Linux - 4.15.0-45-generic - x86_64
Compiling the C compiler identification source file "CMakeCCompilerId.c" succeeded.
Compiler: /usr/bin/cc 
Build flags: 
Id flags:  

The output was:
0


Compilation of the C compiler identification source "CMakeCCompilerId.c" produced "a.out"

The C compiler identification is GNU, found in "/var/stratum/cmake-build-debug/CMakeFiles/3.13.2/CompilerIdC/a.out"

Compiling the CXX compiler identification source file "CMakeCXXCompilerId.cpp" succeeded.
Compiler: /usr/bin/c++ 
Build flags: 
Id flags:  

The output was:
0


Compilation of the CXX compiler identification source "CMakeCXXCompilerId.cpp" produced "a.out"

The CXX compiler identification is GNU, found in "/var/stratum/cmake-build-debug/CMakeFiles/3.13.2/CompilerIdCXX/a.out"

Determining if the C compiler works passed with the following output:
Change Dir: /var/stratum/cmake-build-debug/CMakeFiles/CMakeTmp

Run Build Command:"/usr/bin/make" "cmTC_b5225/fast"
/usr/bin/make -f CMakeFiles/cmTC_b5225.dir/build.make CMakeFiles/cmTC_b5225.dir/build
make[1]: Entering directory '/var/stratum/cmake-build-debug/CMakeFiles/CMakeTmp'
Building C object CMakeFiles/cmTC_b5225.dir/testCCompiler.c.o
/usr/bin/cc    -o CMakeFiles/cmTC_b5225.dir/testCCompiler.c.o   -c /var/stratum/cmake-build-debug/CMakeFiles/CMakeTmp/testCCompiler.c
Linking C executable cmTC_b5225
/root/Desktop/clion-2018.3.4/bin/cmake/linux/bin/cmake -E cmake_link_script CMakeFiles/cmTC_b5225.dir/link.txt --verbose=1
/usr/bin/cc      CMakeFiles/cmTC_b5225.dir/testCCompiler.c.o  -o cmTC_b5225 
make[1]: Leaving directory '/var/stratum/cmake-build-debug/CMakeFiles/CMakeTmp'


Detecting C compiler ABI info compiled with the following output:
Change Dir: /var/stratum/cmake-build-debug/CMakeFiles/CMakeTmp

Run Build Command:"/usr/bin/make" "cmTC_f335e/fast"
/usr/bin/make -f CMakeFiles/cmTC_f335e.dir/build.make CMakeFiles/cmTC_f335e.dir/build
make[1]: Entering directory '/var/stratum/cmake-build-debug/CMakeFiles/CMakeTmp'
Building C object CMakeFiles/cmTC_f335e.dir/CMakeCCompilerABI.c.o
/usr/bin/cc    -o CMakeFiles/cmTC_f335e.dir/CMakeCCompilerABI.c.o   -c /root/Desktop/clion-2018.3.4/bin/cmake/linux/share/cmake-3.13/Modules/CMakeCCompilerABI.c
Linking C executable cmTC_f335e
/root/Desktop/clion-2018.3.4/bin/cmake/linux/bin/cmake -E cmake_link_script CMakeFiles/cmTC_f335e.dir/link.txt --verbose=1
/usr/bin/cc     -v CMakeFiles/cmTC_f335e.dir/CMakeCCompilerABI.c.o  -o cmTC_f335e 
Using built-in specs.
COLLECT_GCC=/usr/bin/cc
COLLECT_LTO_WRAPPER=/usr/lib/gcc/x86_64-linux-gnu/5/lto-wrapper
Target: x86_64-linux-gnu
Configured with: ../src/configure -v --with-pkgversion='Ubuntu 5.5.0-12ubuntu1' --with-bugurl=file:///usr/share/doc/gcc-5/README.Bugs --enable-languages=c,ada,c++,go,d,fortran,objc,obj-c++ --prefix=/usr --program-suffix=-5 --enable-shared --enable-linker-build-id --libexecdir=/usr/lib --without-included-gettext --enable-threads=posix --libdir=/usr/lib --enable-nls --with-sysroot=/ --enable-clocale=gnu --enable-libstdcxx-debug --enable-libstdcxx-time=yes --with-default-libstdcxx-abi=new --enable-gnu-unique-object --disable-vtable-verify --enable-libmpx --enable-plugin --enable-default-pie --with-system-zlib --enable-objc-gc --enable-multiarch --disable-werror --with-arch-32=i686 --with-abi=m64 --with-multilib-list=m32,m64,mx32 --enable-multilib --with-tune=generic --enable-checking=release --build=x86_64-linux-gnu --host=x86_64-linux-gnu --target=x86_64-linux-gnu
Thread model: posix
gcc version 5.5.0 20171010 (Ubuntu 5.5.0-12ubuntu1) 
COMPILER_PATH=/usr/lib/gcc/x86_64-linux-gnu/5/:/usr/lib/gcc/x86_64-linux-gnu/5/:/usr/lib/gcc/x86_64-linux-gnu/:/usr/lib/gcc/x86_64-linux-gnu/5/:/usr/lib/gcc/x86_64-linux-gnu/
LIBRARY_PATH=/usr/lib/gcc/x86_64-linux-gnu/5/:/usr/lib/gcc/x86_64-linux-gnu/5/../../../x86_64-linux-gnu/:/usr/lib/gcc/x86_64-linux-gnu/5/../../../../lib/:/lib/x86_64-linux-gnu/:/lib/../lib/:/usr/lib/x86_64-linux-gnu/:/usr/lib/../lib/:/usr/lib/gcc/x86_64-linux-gnu/5/../../../:/lib/:/usr/lib/
COLLECT_GCC_OPTIONS='-v' '-o' 'cmTC_f335e' '-mtune=generic' '-march=x86-64'
 /usr/lib/gcc/x86_64-linux-gnu/5/collect2 -plugin /usr/lib/gcc/x86_64-linux-gnu/5/liblto_plugin.so -plugin-opt=/usr/lib/gcc/x86_64-linux-gnu/5/lto-wrapper -plugin-opt=-fresolution=/tmp/ccEiIz21.res -plugin-opt=-pass-through=-lgcc -plugin-opt=-pass-through=-lgcc_s -plugin-opt=-pass-through=-lc -plugin-opt=-pass-through=-lgcc -plugin-opt=-pass-through=-lgcc_s --sysroot=/ --build-id --eh-frame-hdr -m elf_x86_64 --hash-style=gnu --as-needed -dynamic-linker /lib64/ld-linux-x86-64.so.2 -pie -z now -z relro -o cmTC_f335e /usr/lib/gcc/x86_64-linux-gnu/5/../../../x86_64-linux-gnu/Scrt1.o /usr/lib/gcc/x86_64-linux-gnu/5/../../../x86_64-linux-gnu/crti.o /usr/lib/gcc/x86_64-linux-gnu/5/crtbeginS.o -L/usr/lib/gcc/x86_64-linux-gnu/5 -L/usr/lib/gcc/x86_64-linux-gnu/5/../../../x86_64-linux-gnu -L/usr/lib/gcc/x86_64-linux-gnu/5/../../../../lib -L/lib/x86_64-linux-gnu -L/lib/../lib -L/usr/lib/x86_64-linux-gnu -L/usr/lib/../lib -L/usr/lib/gcc/x86_64-linux-gnu/5/../../.. CMakeFiles/cmTC_f335e.dir/CMakeCCompilerABI.c.o -lgcc --push-state --as-needed -lgcc_s --pop-state -lc -lgcc --push-state --as-needed -lgcc_s --pop-state /usr/lib/gcc/x86_64-linux-gnu/5/crtend.o /usr/lib/gcc/x86_64-linux-gnu/5/../../../x86_64-linux-gnu/crtn.o
make[1]: Leaving directory '/var/stratum/cmake-build-debug/CMakeFiles/CMakeTmp'


Parsed C implicit link information from above output:
  link line regex: [^( *|.*[/\])(ld|CMAKE_LINK_STARTFILE-NOTFOUND|([^/\]+-)?ld|collect2)[^/\]*( |$)]
  ignore line: [Change Dir: /var/stratum/cmake-build-debug/CMakeFiles/CMakeTmp]
  ignore line: []
  ignore line: [Run Build Command:"/usr/bin/make" "cmTC_f335e/fast"]
  ignore line: [/usr/bin/make -f CMakeFiles/cmTC_f335e.dir/build.make CMakeFiles/cmTC_f335e.dir/build]
  ignore line: [make[1]: Entering directory '/var/stratum/cmake-build-debug/CMakeFiles/CMakeTmp']
  ignore line: [Building C object CMakeFiles/cmTC_f335e.dir/CMakeCCompilerABI.c.o]
  ignore line: [/usr/bin/cc    -o CMakeFiles/cmTC_f335e.dir/CMakeCCompilerABI.c.o   -c /root/Desktop/clion-2018.3.4/bin/cmake/linux/share/cmake-3.13/Modules/CMakeCCompilerABI.c]
  ignore line: [Linking C executable cmTC_f335e]
  ignore line: [/root/Desktop/clion-2018.3.4/bin/cmake/linux/bin/cmake -E cmake_link_script CMakeFiles/cmTC_f335e.dir/link.txt --verbose=1]
  ignore line: [/usr/bin/cc     -v CMakeFiles/cmTC_f335e.dir/CMakeCCompilerABI.c.o  -o cmTC_f335e ]
  ignore line: [Using built-in specs.]
  ignore line: [COLLECT_GCC=/usr/bin/cc]
  ignore line: [COLLECT_LTO_WRAPPER=/usr/lib/gcc/x86_64-linux-gnu/5/lto-wrapper]
  ignore line: [Target: x86_64-linux-gnu]
  ignore line: [Configured with: ../src/configure -v --with-pkgversion='Ubuntu 5.5.0-12ubuntu1' --with-bugurl=file:///usr/share/doc/gcc-5/README.Bugs --enable-languages=c,ada,c++,go,d,fortran,objc,obj-c++ --prefix=/usr --program-suffix=-5 --enable-shared --enable-linker-build-id --libexecdir=/usr/lib --without-included-gettext --enable-threads=posix --libdir=/usr/lib --enable-nls --with-sysroot=/ --enable-clocale=gnu --enable-libstdcxx-debug --enable-libstdcxx-time=yes --with-default-libstdcxx-abi=new --enable-gnu-unique-object --disable-vtable-verify --enable-libmpx --enable-plugin --enable-default-pie --with-system-zlib --enable-objc-gc --enable-multiarch --disable-werror --with-arch-32=i686 --with-abi=m64 --with-multilib-list=m32,m64,mx32 --enable-multilib --with-tune=generic --enable-checking=release --build=x86_64-linux-gnu --host=x86_64-linux-gnu --target=x86_64-linux-gnu]
  ignore line: [Thread model: posix]
  ignore line: [gcc version 5.5.0 20171010 (Ubuntu 5.5.0-12ubuntu1) ]
  ignore line: [COMPILER_PATH=/usr/lib/gcc/x86_64-linux-gnu/5/:/usr/lib/gcc/x86_64-linux-gnu/5/:/usr/lib/gcc/x86_64-linux-gnu/:/usr/lib/gcc/x86_64-linux-gnu/5/:/usr/lib/gcc/x86_64-linux-gnu/]
  ignore line: [LIBRARY_PATH=/usr/lib/gcc/x86_64-linux-gnu/5/:/usr/lib/gcc/x86_64-linux-gnu/5/../../../x86_64-linux-gnu/:/usr/lib/gcc/x86_64-linux-gnu/5/../../../../lib/:/lib/x86_64-linux-gnu/:/lib/../lib/:/usr/lib/x86_64-linux-gnu/:/usr/lib/../lib/:/usr/lib/gcc/x86_64-linux-gnu/5/../../../:/lib/:/usr/lib/]
  ignore line: [COLLECT_GCC_OPTIONS='-v' '-o' 'cmTC_f335e' '-mtune=generic' '-march=x86-64']
  link line: [ /usr/lib/gcc/x86_64-linux-gnu/5/collect2 -plugin /usr/lib/gcc/x86_64-linux-gnu/5/liblto_plugin.so -plugin-opt=/usr/lib/gcc/x86_64-linux-gnu/5/lto-wrapper -plugin-opt=-fresolution=/tmp/ccEiIz21.res -plugin-opt=-pass-through=-lgcc -plugin-opt=-pass-through=-lgcc_s -plugin-opt=-pass-through=-lc -plugin-opt=-pass-through=-lgcc -plugin-opt=-pass-through=-lgcc_s --sysroot=/ --build-id --eh-frame-hdr -m elf_x86_64 --hash-style=gnu --as-needed -dynamic-linker /lib64/ld-linux-x86-64.so.2 -pie -z now -z relro -o cmTC_f335e /usr/lib/gcc/x86_64-linux-gnu/5/../../../x86_64-linux-gnu/Scrt1.o /usr/lib/gcc/x86_64-linux-gnu/5/../../../x86_64-linux-gnu/crti.o /usr/lib/gcc/x86_64-linux-gnu/5/crtbeginS.o -L/usr/lib/gcc/x86_64-linux-gnu/5 -L/usr/lib/gcc/x86_64-linux-gnu/5/../../../x86_64-linux-gnu -L/usr/lib/gcc/x86_64-linux-gnu/5/../../../../lib -L/lib/x86_64-linux-gnu -L/lib/../lib -L/usr/lib/x86_64-linux-gnu -L/usr/lib/../lib -L/usr/lib/gcc/x86_64-linux-gnu/5/../../.. CMakeFiles/cmTC_f335e.dir/CMakeCCompilerABI.c.o -lgcc --push-state --as-needed -lgcc_s --pop-state -lc -lgcc --push-state --as-needed -lgcc_s --pop-state /usr/lib/gcc/x86_64-linux-gnu/5/crtend.o /usr/lib/gcc/x86_64-linux-gnu/5/../../../x86_64-linux-gnu/crtn.o]
    arg [/usr/lib/gcc/x86_64-linux-gnu/5/collect2] ==> ignore
    arg [-plugin] ==> ignore
    arg [/usr/lib/gcc/x86_64-linux-gnu/5/liblto_plugin.so] ==> ignore
    arg [-plugin-opt=/usr/lib/gcc/x86_64-linux-gnu/5/lto-wrapper] ==> ignore
    arg [-plugin-opt=-fresolution=/tmp/ccEiIz21.res] ==> ignore
    arg [-plugin-opt=-pass-through=-lgcc] ==> ignore
    arg [-plugin-opt=-pass-through=-lgcc_s] ==> ignore
    arg [-plugin-opt=-pass-through=-lc] ==> ignore
    arg [-plugin-opt=-pass-through=-lgcc] ==> ignore
    arg [-plugin-opt=-pass-through=-lgcc_s] ==> ignore
    arg [--sysroot=/] ==> ignore
    arg [--build-id] ==> ignore
    arg [--eh-frame-hdr] ==> ignore
    arg [-m] ==> ignore
    arg [elf_x86_64] ==> ignore
    arg [--hash-style=gnu] ==> ignore
    arg [--as-needed] ==> ignore
    arg [-dynamic-linker] ==> ignore
    arg [/lib64/ld-linux-x86-64.so.2] ==> ignore
    arg [-pie] ==> ignore
    arg [-znow] ==> ignore
    arg [-zrelro] ==> ignore
    arg [-o] ==> ignore
    arg [cmTC_f335e] ==> ignore
    arg [/usr/lib/gcc/x86_64-linux-gnu/5/../../../x86_64-linux-gnu/Scrt1.o] ==> ignore
    arg [/usr/lib/gcc/x86_64-linux-gnu/5/../../../x86_64-linux-gnu/crti.o] ==> ignore
    arg [/usr/lib/gcc/x86_64-linux-gnu/5/crtbeginS.o] ==> ignore
    arg [-L/usr/lib/gcc/x86_64-linux-gnu/5] ==> dir [/usr/lib/gcc/x86_64-linux-gnu/5]
    arg [-L/usr/lib/gcc/x86_64-linux-gnu/5/../../../x86_64-linux-gnu] ==> dir [/usr/lib/gcc/x86_64-linux-gnu/5/../../../x86_64-linux-gnu]
    arg [-L/usr/lib/gcc/x86_64-linux-gnu/5/../../../../lib] ==> dir [/usr/lib/gcc/x86_64-linux-gnu/5/../../../../lib]
    arg [-L/lib/x86_64-linux-gnu] ==> dir [/lib/x86_64-linux-gnu]
    arg [-L/lib/../lib] ==> dir [/lib/../lib]
    arg [-L/usr/lib/x86_64-linux-gnu] ==> dir [/usr/lib/x86_64-linux-gnu]
    arg [-L/usr/lib/../lib] ==> dir [/usr/lib/../lib]
    arg [-L/usr/lib/gcc/x86_64-linux-gnu/5/../../..] ==> dir [/usr/lib/gcc/x86_64-linux-gnu/5/../../..]
    arg [CMakeFiles/cmTC_f335e.dir/CMakeCCompilerABI.c.o] ==> ignore
    arg [-lgcc] ==> lib [gcc]
    arg [--push-state] ==> ignore
    arg [--as-needed] ==> ignore
    arg [-lgcc_s] ==> lib [gcc_s]
    arg [--pop-state] ==> ignore
    arg [-lc] ==> lib [c]
    arg [-lgcc] ==> lib [gcc]
    arg [--push-state] ==> ignore
    arg [--as-needed] ==> ignore
    arg [-lgcc_s] ==> lib [gcc_s]
    arg [--pop-state] ==> ignore
    arg [/usr/lib/gcc/x86_64-linux-gnu/5/crtend.o] ==> ignore
    arg [/usr/lib/gcc/x86_64-linux-gnu/5/../../../x86_64-linux-gnu/crtn.o] ==> ignore
  collapse library dir [/usr/lib/gcc/x86_64-linux-gnu/5] ==> [/usr/lib/gcc/x86_64-linux-gnu/5]
  collapse library dir [/usr/lib/gcc/x86_64-linux-gnu/5/../../../x86_64-linux-gnu] ==> [/usr/lib/x86_64-linux-gnu]
  collapse library dir [/usr/lib/gcc/x86_64-linux-gnu/5/../../../../lib] ==> [/usr/lib]
  collapse library dir [/lib/x86_64-linux-gnu] ==> [/lib/x86_64-linux-gnu]
  collapse library dir [/lib/../lib] ==> [/lib]
  collapse library dir [/usr/lib/x86_64-linux-gnu] ==> [/usr/lib/x86_64-linux-gnu]
  collapse library dir [/usr/lib/../lib] ==> [/usr/lib]
  collapse library dir [/usr/lib/gcc/x86_64-linux-gnu/5/../../..] ==> [/usr/lib]
  implicit libs: [gcc;gcc_s;c;gcc;gcc_s]
  implicit dirs: [/usr/lib/gcc/x86_64-linux-gnu/5;/usr/lib/x86_64-linux-gnu;/usr/lib;/lib/x86_64-linux-gnu;/lib]
  implicit fwks: []




Detecting C [-std=c11] compiler features compiled with the following output:
Change Dir: /var/stratum/cmake-build-debug/CMakeFiles/CMakeTmp

Run Build Command:"/usr/bin/make" "cmTC_1e08e/fast"
/usr/bin/make -f CMakeFiles/cmTC_1e08e.dir/build.make CMakeFiles/cmTC_1e08e.dir/build
make[1]: Entering directory '/var/stratum/cmake-build-debug/CMakeFiles/CMakeTmp'
Building C object CMakeFiles/cmTC_1e08e.dir/feature_tests.c.o
/usr/bin/cc   -std=c11 -o CMakeFiles/cmTC_1e08e.dir/feature_tests.c.o   -c /var/stratum/cmake-build-debug/CMakeFiles/feature_tests.c
Linking C executable cmTC_1e08e
/root/Desktop/clion-2018.3.4/bin/cmake/linux/bin/cmake -E cmake_link_script CMakeFiles/cmTC_1e08e.dir/link.txt --verbose=1
/usr/bin/cc      CMakeFiles/cmTC_1e08e.dir/feature_tests.c.o  -o cmTC_1e08e 
make[1]: Leaving directory '/var/stratum/cmake-build-debug/CMakeFiles/CMakeTmp'


    Feature record: C_FEATURE:1c_function_prototypes
    Feature record: C_FEATURE:1c_restrict
    Feature record: C_FEATURE:1c_static_assert
    Feature record: C_FEATURE:1c_variadic_macros


Detecting C [-std=c99] compiler features compiled with the following output:
Change Dir: /var/stratum/cmake-build-debug/CMakeFiles/CMakeTmp

Run Build Command:"/usr/bin/make" "cmTC_44af7/fast"
/usr/bin/make -f CMakeFiles/cmTC_44af7.dir/build.make CMakeFiles/cmTC_44af7.dir/build
make[1]: Entering directory '/var/stratum/cmake-build-debug/CMakeFiles/CMakeTmp'
Building C object CMakeFiles/cmTC_44af7.dir/feature_tests.c.o
/usr/bin/cc   -std=c99 -o CMakeFiles/cmTC_44af7.dir/feature_tests.c.o   -c /var/stratum/cmake-build-debug/CMakeFiles/feature_tests.c
Linking C executable cmTC_44af7
/root/Desktop/clion-2018.3.4/bin/cmake/linux/bin/cmake -E cmake_link_script CMakeFiles/cmTC_44af7.dir/link.txt --verbose=1
/usr/bin/cc      CMakeFiles/cmTC_44af7.dir/feature_tests.c.o  -o cmTC_44af7 
make[1]: Leaving directory '/var/stratum/cmake-build-debug/CMakeFiles/CMakeTmp'


    Feature record: C_FEATURE:1c_function_prototypes
    Feature record: C_FEATURE:1c_restrict
    Feature record: C_FEATURE:0c_static_assert
    Feature record: C_FEATURE:1c_variadic_macros


Detecting C [-std=c90] compiler features compiled with the following output:
Change Dir: /var/stratum/cmake-build-debug/CMakeFiles/CMakeTmp

Run Build Command:"/usr/bin/make" "cmTC_7d3ea/fast"
/usr/bin/make -f CMakeFiles/cmTC_7d3ea.dir/build.make CMakeFiles/cmTC_7d3ea.dir/build
make[1]: Entering directory '/var/stratum/cmake-build-debug/CMakeFiles/CMakeTmp'
Building C object CMakeFiles/cmTC_7d3ea.dir/feature_tests.c.o
/usr/bin/cc   -std=c90 -o CMakeFiles/cmTC_7d3ea.dir/feature_tests.c.o   -c /var/stratum/cmake-build-debug/CMakeFiles/feature_tests.c
Linking C executable cmTC_7d3ea
/root/Desktop/clion-2018.3.4/bin/cmake/linux/bin/cmake -E cmake_link_script CMakeFiles/cmTC_7d3ea.dir/link.txt --verbose=1
/usr/bin/cc      CMakeFiles/cmTC_7d3ea.dir/feature_tests.c.o  -o cmTC_7d3ea 
make[1]: Leaving directory '/var/stratum/cmake-build-debug/CMakeFiles/CMakeTmp'


    Feature record: C_FEATURE:1c_function_prototypes
    Feature record: C_FEATURE:0c_restrict
    Feature record: C_FEATURE:0c_static_assert
    Feature record: C_FEATURE:0c_variadic_macros
Determining if the CXX compiler works passed with the following output:
Change Dir: /var/stratum/cmake-build-debug/CMakeFiles/CMakeTmp

Run Build Command:"/usr/bin/make" "cmTC_57deb/fast"
/usr/bin/make -f CMakeFiles/cmTC_57deb.dir/build.make CMakeFiles/cmTC_57deb.dir/build
make[1]: Entering directory '/var/stratum/cmake-build-debug/CMakeFiles/CMakeTmp'
Building CXX object CMakeFiles/cmTC_57deb.dir/testCXXCompiler.cxx.o
/usr/bin/c++     -o CMakeFiles/cmTC_57deb.dir/testCXXCompiler.cxx.o -c /var/stratum/cmake-build-debug/CMakeFiles/CMakeTmp/testCXXCompiler.cxx
Linking CXX executable cmTC_57deb
/root/Desktop/clion-2018.3.4/bin/cmake/linux/bin/cmake -E cmake_link_script CMakeFiles/cmTC_57deb.dir/link.txt --verbose=1
/usr/bin/c++       CMakeFiles/cmTC_57deb.dir/testCXXCompiler.cxx.o  -o cmTC_57deb 
make[1]: Leaving directory '/var/stratum/cmake-build-debug/CMakeFiles/CMakeTmp'


Detecting CXX compiler ABI info compiled with the following output:
Change Dir: /var/stratum/cmake-build-debug/CMakeFiles/CMakeTmp

Run Build Command:"/usr/bin/make" "cmTC_3b769/fast"
/usr/bin/make -f CMakeFiles/cmTC_3b769.dir/build.make CMakeFiles/cmTC_3b769.dir/build
make[1]: Entering directory '/var/stratum/cmake-build-debug/CMakeFiles/CMakeTmp'
Building CXX object CMakeFiles/cmTC_3b769.dir/CMakeCXXCompilerABI.cpp.o
/usr/bin/c++     -o CMakeFiles/cmTC_3b769.dir/CMakeCXXCompilerABI.cpp.o -c /root/Desktop/clion-2018.3.4/bin/cmake/linux/share/cmake-3.13/Modules/CMakeCXXCompilerABI.cpp
Linking CXX executable cmTC_3b769
/root/Desktop/clion-2018.3.4/bin/cmake/linux/bin/cmake -E cmake_link_script CMakeFiles/cmTC_3b769.dir/link.txt --verbose=1
/usr/bin/c++      -v CMakeFiles/cmTC_3b769.dir/CMakeCXXCompilerABI.cpp.o  -o cmTC_3b769 
Using built-in specs.
COLLECT_GCC=/usr/bin/c++
COLLECT_LTO_WRAPPER=/usr/lib/gcc/x86_64-linux-gnu/5/lto-wrapper
Target: x86_64-linux-gnu
Configured with: ../src/configure -v --with-pkgversion='Ubuntu 5.5.0-12ubuntu1' --with-bugurl=file:///usr/share/doc/gcc-5/README.Bugs --enable-languages=c,ada,c++,go,d,fortran,objc,obj-c++ --prefix=/usr --program-suffix=-5 --enable-shared --enable-linker-build-id --libexecdir=/usr/lib --without-included-gettext --enable-threads=posix --libdir=/usr/lib --enable-nls --with-sysroot=/ --enable-clocale=gnu --enable-libstdcxx-debug --enable-libstdcxx-time=yes --with-default-libstdcxx-abi=new --enable-gnu-unique-object --disable-vtable-verify --enable-libmpx --enable-plugin --enable-default-pie --with-system-zlib --enable-objc-gc --enable-multiarch --disable-werror --with-arch-32=i686 --with-abi=m64 --with-multilib-list=m32,m64,mx32 --enable-multilib --with-tune=generic --enable-checking=release --build=x86_64-linux-gnu --host=x86_64-linux-gnu --target=x86_64-linux-gnu
Thread model: posix
gcc version 5.5.0 20171010 (Ubuntu 5.5.0-12ubuntu1) 
COMPILER_PATH=/usr/lib/gcc/x86_64-linux-gnu/5/:/usr/lib/gcc/x86_64-linux-gnu/5/:/usr/lib/gcc/x86_64-linux-gnu/:/usr/lib/gcc/x86_64-linux-gnu/5/:/usr/lib/gcc/x86_64-linux-gnu/
LIBRARY_PATH=/usr/lib/gcc/x86_64-linux-gnu/5/:/usr/lib/gcc/x86_64-linux-gnu/5/../../../x86_64-linux-gnu/:/usr/lib/gcc/x86_64-linux-gnu/5/../../../../lib/:/lib/x86_64-linux-gnu/:/lib/../lib/:/usr/lib/x86_64-linux-gnu/:/usr/lib/../lib/:/usr/lib/gcc/x86_64-linux-gnu/5/../../../:/lib/:/usr/lib/
COLLECT_GCC_OPTIONS='-v' '-o' 'cmTC_3b769' '-shared-libgcc' '-mtune=generic' '-march=x86-64'
 /usr/lib/gcc/x86_64-linux-gnu/5/collect2 -plugin /usr/lib/gcc/x86_64-linux-gnu/5/liblto_plugin.so -plugin-opt=/usr/lib/gcc/x86_64-linux-gnu/5/lto-wrapper -plugin-opt=-fresolution=/tmp/ccqIIudw.res -plugin-opt=-pass-through=-lgcc_s -plugin-opt=-pass-through=-lgcc -plugin-opt=-pass-through=-lc -plugin-opt=-pass-through=-lgcc_s -plugin-opt=-pass-through=-lgcc --sysroot=/ --build-id --eh-frame-hdr -m elf_x86_64 --hash-style=gnu --as-needed -dynamic-linker /lib64/ld-linux-x86-64.so.2 -pie -z now -z relro -o cmTC_3b769 /usr/lib/gcc/x86_64-linux-gnu/5/../../../x86_64-linux-gnu/Scrt1.o /usr/lib/gcc/x86_64-linux-gnu/5/../../../x86_64-linux-gnu/crti.o /usr/lib/gcc/x86_64-linux-gnu/5/crtbeginS.o -L/usr/lib/gcc/x86_64-linux-gnu/5 -L/usr/lib/gcc/x86_64-linux-gnu/5/../../../x86_64-linux-gnu -L/usr/lib/gcc/x86_64-linux-gnu/5/../../../../lib -L/lib/x86_64-linux-gnu -L/lib/../lib -L/usr/lib/x86_64-linux-gnu -L/usr/lib/../lib -L/usr/lib/gcc/x86_64-linux-gnu/5/../../.. CMakeFiles/cmTC_3b769.dir/CMakeCXXCompilerABI.cpp.o -lstdc++ -lm -lgcc_s -lgcc -lc -lgcc_s -lgcc /usr/lib/gcc/x86_64-linux-gnu/5/crtend.o /usr/lib/gcc/x86_64-linux-gnu/5/../../../x86_64-linux-gnu/crtn.o
make[1]: Leaving directory '/var/stratum/cmake-build-debug/CMakeFiles/CMakeTmp'


Parsed CXX implicit link information from above output:
  link line regex: [^( *|.*[/\])(ld|CMAKE_LINK_STARTFILE-NOTFOUND|([^/\]+-)?ld|collect2)[^/\]*( |$)]
  ignore line: [Change Dir: /var/stratum/cmake-build-debug/CMakeFiles/CMakeTmp]
  ignore line: []
  ignore line: [Run Build Command:"/usr/bin/make" "cmTC_3b769/fast"]
  ignore line: [/usr/bin/make -f CMakeFiles/cmTC_3b769.dir/build.make CMakeFiles/cmTC_3b769.dir/build]
  ignore line: [make[1]: Entering directory '/var/stratum/cmake-build-debug/CMakeFiles/CMakeTmp']
  ignore line: [Building CXX object CMakeFiles/cmTC_3b769.dir/CMakeCXXCompilerABI.cpp.o]
  ignore line: [/usr/bin/c++     -o CMakeFiles/cmTC_3b769.dir/CMakeCXXCompilerABI.cpp.o -c /root/Desktop/clion-2018.3.4/bin/cmake/linux/share/cmake-3.13/Modules/CMakeCXXCompilerABI.cpp]
  ignore line: [Linking CXX executable cmTC_3b769]
  ignore line: [/root/Desktop/clion-2018.3.4/bin/cmake/linux/bin/cmake -E cmake_link_script CMakeFiles/cmTC_3b769.dir/link.txt --verbose=1]
  ignore line: [/usr/bin/c++      -v CMakeFiles/cmTC_3b769.dir/CMakeCXXCompilerABI.cpp.o  -o cmTC_3b769 ]
  ignore line: [Using built-in specs.]
  ignore line: [COLLECT_GCC=/usr/bin/c++]
  ignore line: [COLLECT_LTO_WRAPPER=/usr/lib/gcc/x86_64-linux-gnu/5/lto-wrapper]
  ignore line: [Target: x86_64-linux-gnu]
  ignore line: [Configured with: ../src/configure -v --with-pkgversion='Ubuntu 5.5.0-12ubuntu1' --with-bugurl=file:///usr/share/doc/gcc-5/README.Bugs --enable-languages=c,ada,c++,go,d,fortran,objc,obj-c++ --prefix=/usr --program-suffix=-5 --enable-shared --enable-linker-build-id --libexecdir=/usr/lib --without-included-gettext --enable-threads=posix --libdir=/usr/lib --enable-nls --with-sysroot=/ --enable-clocale=gnu --enable-libstdcxx-debug --enable-libstdcxx-time=yes --with-default-libstdcxx-abi=new --enable-gnu-unique-object --disable-vtable-verify --enable-libmpx --enable-plugin --enable-default-pie --with-system-zlib --enable-objc-gc --enable-multiarch --disable-werror --with-arch-32=i686 --with-abi=m64 --with-multilib-list=m32,m64,mx32 --enable-multilib --with-tune=generic --enable-checking=release --build=x86_64-linux-gnu --host=x86_64-linux-gnu --target=x86_64-linux-gnu]
  ignore line: [Thread model: posix]
  ignore line: [gcc version 5.5.0 20171010 (Ubuntu 5.5.0-12ubuntu1) ]
  ignore line: [COMPILER_PATH=/usr/lib/gcc/x86_64-linux-gnu/5/:/usr/lib/gcc/x86_64-linux-gnu/5/:/usr/lib/gcc/x86_64-linux-gnu/:/usr/lib/gcc/x86_64-linux-gnu/5/:/usr/lib/gcc/x86_64-linux-gnu/]
  ignore line: [LIBRARY_PATH=/usr/lib/gcc/x86_64-linux-gnu/5/:/usr/lib/gcc/x86_64-linux-gnu/5/../../../x86_64-linux-gnu/:/usr/lib/gcc/x86_64-linux-gnu/5/../../../../lib/:/lib/x86_64-linux-gnu/:/lib/../lib/:/usr/lib/x86_64-linux-gnu/:/usr/lib/../lib/:/usr/lib/gcc/x86_64-linux-gnu/5/../../../:/lib/:/usr/lib/]
  ignore line: [COLLECT_GCC_OPTIONS='-v' '-o' 'cmTC_3b769' '-shared-libgcc' '-mtune=generic' '-march=x86-64']
  link line: [ /usr/lib/gcc/x86_64-linux-gnu/5/collect2 -plugin /usr/lib/gcc/x86_64-linux-gnu/5/liblto_plugin.so -plugin-opt=/usr/lib/gcc/x86_64-linux-gnu/5/lto-wrapper -plugin-opt=-fresolution=/tmp/ccqIIudw.res -plugin-opt=-pass-through=-lgcc_s -plugin-opt=-pass-through=-lgcc -plugin-opt=-pass-through=-lc -plugin-opt=-pass-through=-lgcc_s -plugin-opt=-pass-through=-lgcc --sysroot=/ --build-id --eh-frame-hdr -m elf_x86_64 --hash-style=gnu --as-needed -dynamic-linker /lib64/ld-linux-x86-64.so.2 -pie -z now -z relro -o cmTC_3b769 /usr/lib/gcc/x86_64-linux-gnu/5/../../../x86_64-linux-gnu/Scrt1.o /usr/lib/gcc/x86_64-linux-gnu/5/../../../x86_64-linux-gnu/crti.o /usr/lib/gcc/x86_64-linux-gnu/5/crtbeginS.o -L/usr/lib/gcc/x86_64-linux-gnu/5 -L/usr/lib/gcc/x86_64-linux-gnu/5/../../../x86_64-linux-gnu -L/usr/lib/gcc/x86_64-linux-gnu/5/../../../../lib -L/lib/x86_64-linux-gnu -L/lib/../lib -L/usr/lib/x86_64-linux-gnu -L/usr/lib/../lib -L/usr/lib/gcc/x86_64-linux-gnu/5/../../.. CMakeFiles/cmTC_3b769.dir/CMakeCXXCompilerABI.cpp.o -lstdc++ -lm -lgcc_s -lgcc -lc -lgcc_s -lgcc /usr/lib/gcc/x86_64-linux-gnu/5/crtend.o /usr/lib/gcc/x86_64-linux-gnu/5/../../../x86_64-linux-gnu/crtn.o]
    arg [/usr/lib/gcc/x86_64-linux-gnu/5/collect2] ==> ignore
    arg [-plugin] ==> ignore
    arg [/usr/lib/gcc/x86_64-linux-gnu/5/liblto_plugin.so] ==> ignore
    arg [-plugin-opt=/usr/lib/gcc/x86_64-linux-gnu/5/lto-wrapper] ==> ignore
    arg [-plugin-opt=-fresolution=/tmp/ccqIIudw.res] ==> ignore
    arg [-plugin-opt=-pass-through=-lgcc_s] ==> ignore
    arg [-plugin-opt=-pass-through=-lgcc] ==> ignore
    arg [-plugin-opt=-pass-through=-lc] ==> ignore
    arg [-plugin-opt=-pass-through=-lgcc_s] ==> ignore
    arg [-plugin-opt=-pass-through=-lgcc] ==> ignore
    arg [--sysroot=/] ==> ignore
    arg [--build-id] ==> ignore
    arg [--eh-frame-hdr] ==> ignore
    arg [-m] ==> ignore
    arg [elf_x86_64] ==> ignore
    arg [--hash-style=gnu] ==> ignore
    arg [--as-needed] ==> ignore
    arg [-dynamic-linker] ==> ignore
    arg [/lib64/ld-linux-x86-64.so.2] ==> ignore
    arg [-pie] ==> ignore
    arg [-znow] ==> ignore
    arg [-zrelro] ==> ignore
    arg [-o] ==> ignore
    arg [cmTC_3b769] ==> ignore
    arg [/usr/lib/gcc/x86_64-linux-gnu/5/../../../x86_64-linux-gnu/Scrt1.o] ==> ignore
    arg [/usr/lib/gcc/x86_64-linux-gnu/5/../../../x86_64-linux-gnu/crti.o] ==> ignore
    arg [/usr/lib/gcc/x86_64-linux-gnu/5/crtbeginS.o] ==> ignore
    arg [-L/usr/lib/gcc/x86_64-linux-gnu/5] ==> dir [/usr/lib/gcc/x86_64-linux-gnu/5]
    arg [-L/usr/lib/gcc/x86_64-linux-gnu/5/../../../x86_64-linux-gnu] ==> dir [/usr/lib/gcc/x86_64-linux-gnu/5/../../../x86_64-linux-gnu]
    arg [-L/usr/lib/gcc/x86_64-linux-gnu/5/../../../../lib] ==> dir [/usr/lib/gcc/x86_64-linux-gnu/5/../../../../lib]
    arg [-L/lib/x86_64-linux-gnu] ==> dir [/lib/x86_64-linux-gnu]
    arg [-L/lib/../lib] ==> dir [/lib/../lib]
    arg [-L/usr/lib/x86_64-linux-gnu] ==> dir [/usr/lib/x86_64-linux-gnu]
    arg [-L/usr/lib/../lib] ==> dir [/usr/lib/../lib]
    arg [-L/usr/lib/gcc/x86_64-linux-gnu/5/../../..] ==> dir [/usr/lib/gcc/x86_64-linux-gnu/5/../../..]
    arg [CMakeFiles/cmTC_3b769.dir/CMakeCXXCompilerABI.cpp.o] ==> ignore
    arg [-lstdc++] ==> lib [stdc++]
    arg [-lm] ==> lib [m]
    arg [-lgcc_s] ==> lib [gcc_s]
    arg [-lgcc] ==> lib [gcc]
    arg [-lc] ==> lib [c]
    arg [-lgcc_s] ==> lib [gcc_s]
    arg [-lgcc] ==> lib [gcc]
    arg [/usr/lib/gcc/x86_64-linux-gnu/5/crtend.o] ==> ignore
    arg [/usr/lib/gcc/x86_64-linux-gnu/5/../../../x86_64-linux-gnu/crtn.o] ==> ignore
  collapse library dir [/usr/lib/gcc/x86_64-linux-gnu/5] ==> [/usr/lib/gcc/x86_64-linux-gnu/5]
  collapse library dir [/usr/lib/gcc/x86_64-linux-gnu/5/../../../x86_64-linux-gnu] ==> [/usr/lib/x86_64-linux-gnu]
  collapse library dir [/usr/lib/gcc/x86_64-linux-gnu/5/../../../../lib] ==> [/usr/lib]
  collapse library dir [/lib/x86_64-linux-gnu] ==> [/lib/x86_64-linux-gnu]
  collapse library dir [/lib/../lib] ==> [/lib]
  collapse library dir [/usr/lib/x86_64-linux-gnu] ==> [/usr/lib/x86_64-linux-gnu]
  collapse library dir [/usr/lib/../lib] ==> [/usr/lib]
  collapse library dir [/usr/lib/gcc/x86_64-linux-gnu/5/../../..] ==> [/usr/lib]
  implicit libs: [stdc++;m;gcc_s;gcc;c;gcc_s;gcc]
  implicit dirs: [/usr/lib/gcc/x86_64-linux-gnu/5;/usr/lib/x86_64-linux-gnu;/usr/lib;/lib/x86_64-linux-gnu;/lib]
  implicit fwks: []




Detecting CXX [-std=c++1z] compiler features compiled with the following output:
Change Dir: /var/stratum/cmake-build-debug/CMakeFiles/CMakeTmp

Run Build Command:"/usr/bin/make" "cmTC_f5562/fast"
/usr/bin/make -f CMakeFiles/cmTC_f5562.dir/build.make CMakeFiles/cmTC_f5562.dir/build
make[1]: Entering directory '/var/stratum/cmake-build-debug/CMakeFiles/CMakeTmp'
Building CXX object CMakeFiles/cmTC_f5562.dir/feature_tests.cxx.o
/usr/bin/c++    -std=c++1z -o CMakeFiles/cmTC_f5562.dir/feature_tests.cxx.o -c /var/stratum/cmake-build-debug/CMakeFiles/feature_tests.cxx
Linking CXX executable cmTC_f5562
/root/Desktop/clion-2018.3.4/bin/cmake/linux/bin/cmake -E cmake_link_script CMakeFiles/cmTC_f5562.dir/link.txt --verbose=1
/usr/bin/c++       CMakeFiles/cmTC_f5562.dir/feature_tests.cxx.o  -o cmTC_f5562 
make[1]: Leaving directory '/var/stratum/cmake-build-debug/CMakeFiles/CMakeTmp'


    Feature record: CXX_FEATURE:1cxx_aggregate_default_initializers
    Feature record: CXX_FEATURE:1cxx_alias_templates
    Feature record: CXX_FEATURE:1cxx_alignas
    Feature record: CXX_FEATURE:1cxx_alignof
    Feature record: CXX_FEATURE:1cxx_attributes
    Feature record: CXX_FEATURE:1cxx_attribute_deprecated
    Feature record: CXX_FEATURE:1cxx_auto_type
    Feature record: CXX_FEATURE:1cxx_binary_literals
    Feature record: CXX_FEATURE:1cxx_constexpr
    Feature record: CXX_FEATURE:1cxx_contextual_conversions
    Feature record: CXX_FEATURE:1cxx_decltype
    Feature record: CXX_FEATURE:1cxx_decltype_auto
    Feature record: CXX_FEATURE:1cxx_decltype_incomplete_return_types
    Feature record: CXX_FEATURE:1cxx_default_function_template_args
    Feature record: CXX_FEATURE:1cxx_defaulted_functions
    Feature record: CXX_FEATURE:1cxx_defaulted_move_initializers
    Feature record: CXX_FEATURE:1cxx_delegating_constructors
    Feature record: CXX_FEATURE:1cxx_deleted_functions
    Feature record: CXX_FEATURE:1cxx_digit_separators
    Feature record: CXX_FEATURE:1cxx_enum_forward_declarations
    Feature record: CXX_FEATURE:1cxx_explicit_conversions
    Feature record: CXX_FEATURE:1cxx_extended_friend_declarations
    Feature record: CXX_FEATURE:1cxx_extern_templates
    Feature record: CXX_FEATURE:1cxx_final
    Feature record: CXX_FEATURE:1cxx_func_identifier
    Feature record: CXX_FEATURE:1cxx_generalized_initializers
    Feature record: CXX_FEATURE:1cxx_generic_lambdas
    Feature record: CXX_FEATURE:1cxx_inheriting_constructors
    Feature record: CXX_FEATURE:1cxx_inline_namespaces
    Feature record: CXX_FEATURE:1cxx_lambdas
    Feature record: CXX_FEATURE:1cxx_lambda_init_captures
    Feature record: CXX_FEATURE:1cxx_local_type_template_args
    Feature record: CXX_FEATURE:1cxx_long_long_type
    Feature record: CXX_FEATURE:1cxx_noexcept
    Feature record: CXX_FEATURE:1cxx_nonstatic_member_init
    Feature record: CXX_FEATURE:1cxx_nullptr
    Feature record: CXX_FEATURE:1cxx_override
    Feature record: CXX_FEATURE:1cxx_range_for
    Feature record: CXX_FEATURE:1cxx_raw_string_literals
    Feature record: CXX_FEATURE:1cxx_reference_qualified_functions
    Feature record: CXX_FEATURE:1cxx_relaxed_constexpr
    Feature record: CXX_FEATURE:1cxx_return_type_deduction
    Feature record: CXX_FEATURE:1cxx_right_angle_brackets
    Feature record: CXX_FEATURE:1cxx_rvalue_references
    Feature record: CXX_FEATURE:1cxx_sizeof_member
    Feature record: CXX_FEATURE:1cxx_static_assert
    Feature record: CXX_FEATURE:1cxx_strong_enums
    Feature record: CXX_FEATURE:1cxx_template_template_parameters
    Feature record: CXX_FEATURE:1cxx_thread_local
    Feature record: CXX_FEATURE:1cxx_trailing_return_types
    Feature record: CXX_FEATURE:1cxx_unicode_literals
    Feature record: CXX_FEATURE:1cxx_uniform_initialization
    Feature record: CXX_FEATURE:1cxx_unrestricted_unions
    Feature record: CXX_FEATURE:1cxx_user_literals
    Feature record: CXX_FEATURE:1cxx_variable_templates
    Feature record: CXX_FEATURE:1cxx_variadic_macros
    Feature record: CXX_FEATURE:1cxx_variadic_templates


Detecting CXX [-std=c++14] compiler features compiled with the following output:
Change Dir: /var/stratum/cmake-build-debug/CMakeFiles/CMakeTmp

Run Build Command:"/usr/bin/make" "cmTC_1eb62/fast"
/usr/bin/make -f CMakeFiles/cmTC_1eb62.dir/build.make CMakeFiles/cmTC_1eb62.dir/build
make[1]: Entering directory '/var/stratum/cmake-build-debug/CMakeFiles/CMakeTmp'
Building CXX object CMakeFiles/cmTC_1eb62.dir/feature_tests.cxx.o
/usr/bin/c++    -std=c++14 -o CMakeFiles/cmTC_1eb62.dir/feature_tests.cxx.o -c /var/stratum/cmake-build-debug/CMakeFiles/feature_tests.cxx
Linking CXX executable cmTC_1eb62
/root/Desktop/clion-2018.3.4/bin/cmake/linux/bin/cmake -E cmake_link_script CMakeFiles/cmTC_1eb62.dir/link.txt --verbose=1
/usr/bin/c++       CMakeFiles/cmTC_1eb62.dir/feature_tests.cxx.o  -o cmTC_1eb62 
make[1]: Leaving directory '/var/stratum/cmake-build-debug/CMakeFiles/CMakeTmp'


    Feature record: CXX_FEATURE:1cxx_aggregate_default_initializers
    Feature record: CXX_FEATURE:1cxx_alias_templates
    Feature record: CXX_FEATURE:1cxx_alignas
    Feature record: CXX_FEATURE:1cxx_alignof
    Feature record: CXX_FEATURE:1cxx_attributes
    Feature record: CXX_FEATURE:1cxx_attribute_deprecated
    Feature record: CXX_FEATURE:1cxx_auto_type
    Feature record: CXX_FEATURE:1cxx_binary_literals
    Feature record: CXX_FEATURE:1cxx_constexpr
    Feature record: CXX_FEATURE:1cxx_contextual_conversions
    Feature record: CXX_FEATURE:1cxx_decltype
    Feature record: CXX_FEATURE:1cxx_decltype_auto
    Feature record: CXX_FEATURE:1cxx_decltype_incomplete_return_types
    Feature record: CXX_FEATURE:1cxx_default_function_template_args
    Feature record: CXX_FEATURE:1cxx_defaulted_functions
    Feature record: CXX_FEATURE:1cxx_defaulted_move_initializers
    Feature record: CXX_FEATURE:1cxx_delegating_constructors
    Feature record: CXX_FEATURE:1cxx_deleted_functions
    Feature record: CXX_FEATURE:1cxx_digit_separators
    Feature record: CXX_FEATURE:1cxx_enum_forward_declarations
    Feature record: CXX_FEATURE:1cxx_explicit_conversions
    Feature record: CXX_FEATURE:1cxx_extended_friend_declarations
    Feature record: CXX_FEATURE:1cxx_extern_templates
    Feature record: CXX_FEATURE:1cxx_final
    Feature record: CXX_FEATURE:1cxx_func_identifier
    Feature record: CXX_FEATURE:1cxx_generalized_initializers
    Feature record: CXX_FEATURE:1cxx_generic_lambdas
    Feature record: CXX_FEATURE:1cxx_inheriting_constructors
    Feature record: CXX_FEATURE:1cxx_inline_namespaces
    Feature record: CXX_FEATURE:1cxx_lambdas
    Feature record: CXX_FEATURE:1cxx_lambda_init_captures
    Feature record: CXX_FEATURE:1cxx_local_type_template_args
    Feature record: CXX_FEATURE:1cxx_long_long_type
    Feature record: CXX_FEATURE:1cxx_noexcept
    Feature record: CXX_FEATURE:1cxx_nonstatic_member_init
    Feature record: CXX_FEATURE:1cxx_nullptr
    Feature record: CXX_FEATURE:1cxx_override
    Feature record: CXX_FEATURE:1cxx_range_for
    Feature record: CXX_FEATURE:1cxx_raw_string_literals
    Feature record: CXX_FEATURE:1cxx_reference_qualified_functions
    Feature record: CXX_FEATURE:1cxx_relaxed_constexpr
    Feature record: CXX_FEATURE:1cxx_return_type_deduction
    Feature record: CXX_FEATURE:1cxx_right_angle_brackets
    Feature record: CXX_FEATURE:1cxx_rvalue_references
    Feature record: CXX_FEATURE:1cxx_sizeof_member
    Feature record: CXX_FEATURE:1cxx_static_assert
    Feature record: CXX_FEATURE:1cxx_strong_enums
    Feature record: CXX_FEATURE:1cxx_template_template_parameters
    Feature record: CXX_FEATURE:1cxx_thread_local
    Feature record: CXX_FEATURE:1cxx_trailing_return_types
    Feature record: CXX_FEATURE:1cxx_unicode_literals
    Feature record: CXX_FEATURE:1cxx_uniform_initialization
    Feature record: CXX_FEATURE:1cxx_unrestricted_unions
    Feature record: CXX_FEATURE:1cxx_user_literals
    Feature record: CXX_FEATURE:1cxx_variable_templates
    Feature record: CXX_FEATURE:1cxx_variadic_macros
    Feature record: CXX_FEATURE:1cxx_variadic_templates


Detecting CXX [-std=c++11] compiler features compiled with the following output:
Change Dir: /var/stratum/cmake-build-debug/CMakeFiles/CMakeTmp

Run Build Command:"/usr/bin/make" "cmTC_36d51/fast"
/usr/bin/make -f CMakeFiles/cmTC_36d51.dir/build.make CMakeFiles/cmTC_36d51.dir/build
make[1]: Entering directory '/var/stratum/cmake-build-debug/CMakeFiles/CMakeTmp'
Building CXX object CMakeFiles/cmTC_36d51.dir/feature_tests.cxx.o
/usr/bin/c++    -std=c++11 -o CMakeFiles/cmTC_36d51.dir/feature_tests.cxx.o -c /var/stratum/cmake-build-debug/CMakeFiles/feature_tests.cxx
Linking CXX executable cmTC_36d51
/root/Desktop/clion-2018.3.4/bin/cmake/linux/bin/cmake -E cmake_link_script CMakeFiles/cmTC_36d51.dir/link.txt --verbose=1
/usr/bin/c++       CMakeFiles/cmTC_36d51.dir/feature_tests.cxx.o  -o cmTC_36d51 
make[1]: Leaving directory '/var/stratum/cmake-build-debug/CMakeFiles/CMakeTmp'


    Feature record: CXX_FEATURE:0cxx_aggregate_default_initializers
    Feature record: CXX_FEATURE:1cxx_alias_templates
    Feature record: CXX_FEATURE:1cxx_alignas
    Feature record: CXX_FEATURE:1cxx_alignof
    Feature record: CXX_FEATURE:1cxx_attributes
    Feature record: CXX_FEATURE:0cxx_attribute_deprecated
    Feature record: CXX_FEATURE:1cxx_auto_type
    Feature record: CXX_FEATURE:0cxx_binary_literals
    Feature record: CXX_FEATURE:1cxx_constexpr
    Feature record: CXX_FEATURE:0cxx_contextual_conversions
    Feature record: CXX_FEATURE:1cxx_decltype
    Feature record: CXX_FEATURE:0cxx_decltype_auto
    Feature record: CXX_FEATURE:1cxx_decltype_incomplete_return_types
    Feature record: CXX_FEATURE:1cxx_default_function_template_args
    Feature record: CXX_FEATURE:1cxx_defaulted_functions
    Feature record: CXX_FEATURE:1cxx_defaulted_move_initializers
    Feature record: CXX_FEATURE:1cxx_delegating_constructors
    Feature record: CXX_FEATURE:1cxx_deleted_functions
    Feature record: CXX_FEATURE:0cxx_digit_separators
    Feature record: CXX_FEATURE:1cxx_enum_forward_declarations
    Feature record: CXX_FEATURE:1cxx_explicit_conversions
    Feature record: CXX_FEATURE:1cxx_extended_friend_declarations
    Feature record: CXX_FEATURE:1cxx_extern_templates
    Feature record: CXX_FEATURE:1cxx_final
    Feature record: CXX_FEATURE:1cxx_func_identifier
    Feature record: CXX_FEATURE:1cxx_generalized_initializers
    Feature record: CXX_FEATURE:0cxx_generic_lambdas
    Feature record: CXX_FEATURE:1cxx_inheriting_constructors
    Feature record: CXX_FEATURE:1cxx_inline_namespaces
    Feature record: CXX_FEATURE:1cxx_lambdas
    Feature record: CXX_FEATURE:0cxx_lambda_init_captures
    Feature record: CXX_FEATURE:1cxx_local_type_template_args
    Feature record: CXX_FEATURE:1cxx_long_long_type
    Feature record: CXX_FEATURE:1cxx_noexcept
    Feature record: CXX_FEATURE:1cxx_nonstatic_member_init
    Feature record: CXX_FEATURE:1cxx_nullptr
    Feature record: CXX_FEATURE:1cxx_override
    Feature record: CXX_FEATURE:1cxx_range_for
    Feature record: CXX_FEATURE:1cxx_raw_string_literals
    Feature record: CXX_FEATURE:1cxx_reference_qualified_functions
    Feature record: CXX_FEATURE:0cxx_relaxed_constexpr
    Feature record: CXX_FEATURE:0cxx_return_type_deduction
    Feature record: CXX_FEATURE:1cxx_right_angle_brackets
    Feature record: CXX_FEATURE:1cxx_rvalue_references
    Feature record: CXX_FEATURE:1cxx_sizeof_member
    Feature record: CXX_FEATURE:1cxx_static_assert
    Feature record: CXX_FEATURE:1cxx_strong_enums
    Feature record: CXX_FEATURE:1cxx_template_template_parameters
    Feature record: CXX_FEATURE:1cxx_thread_local
    Feature record: CXX_FEATURE:1cxx_trailing_return_types
    Feature record: CXX_FEATURE:1cxx_unicode_literals
    Feature record: CXX_FEATURE:1cxx_uniform_initialization
    Feature record: CXX_FEATURE:1cxx_unrestricted_unions
    Feature record: CXX_FEATURE:1cxx_user_literals
    Feature record: CXX_FEATURE:0cxx_variable_templates
    Feature record: CXX_FEATURE:1cxx_variadic_macros
    Feature record: CXX_FEATURE:1cxx_variadic_templates


Detecting CXX [-std=c++98] compiler features compiled with the following output:
Change Dir: /var/stratum/cmake-build-debug/CMakeFiles/CMakeTmp

Run Build Command:"/usr/bin/make" "cmTC_73bbc/fast"
/usr/bin/make -f CMakeFiles/cmTC_73bbc.dir/build.make CMakeFiles/cmTC_73bbc.dir/build
make[1]: Entering directory '/var/stratum/cmake-build-debug/CMakeFiles/CMakeTmp'
Building CXX object CMakeFiles/cmTC_73bbc.dir/feature_tests.cxx.o
/usr/bin/c++    -std=c++98 -o CMakeFiles/cmTC_73bbc.dir/feature_tests.cxx.o -c /var/stratum/cmake-build-debug/CMakeFiles/feature_tests.cxx
Linking CXX executable cmTC_73bbc
/root/Desktop/clion-2018.3.4/bin/cmake/linux/bin/cmake -E cmake_link_script CMakeFiles/cmTC_73bbc.dir/link.txt --verbose=1
/usr/bin/c++       CMakeFiles/cmTC_73bbc.dir/feature_tests.cxx.o  -o cmTC_73bbc 
make[1]: Leaving directory '/var/stratum/cmake-build-debug/CMakeFiles/CMakeTmp'


    Feature record: CXX_FEATURE:0cxx_aggregate_default_initializers
    Feature record: CXX_FEATURE:0cxx_alias_templates
    Feature record: CXX_FEATURE:0cxx_alignas
    Feature record: CXX_FEATURE:0cxx_alignof
    Feature record: CXX_FEATURE:0cxx_attributes
    Feature record: CXX_FEATURE:0cxx_attribute_deprecated
    Feature record: CXX_FEATURE:0cxx_auto_type
    Feature record: CXX_FEATURE:0cxx_binary_literals
    Feature record: CXX_FEATURE:0cxx_constexpr
    Feature record: CXX_FEATURE:0cxx_contextual_conversions
    Feature record: CXX_FEATURE:0cxx_decltype
    Feature record: CXX_FEATURE:0cxx_decltype_auto
    Feature record: CXX_FEATURE:0cxx_decltype_incomplete_return_types
    Feature record: CXX_FEATURE:0cxx_default_function_template_args
    Feature record: CXX_FEATURE:0cxx_defaulted_functions
    Feature record: CXX_FEATURE:0cxx_defaulted_move_initializers
    Feature record: CXX_FEATURE:0cxx_delegating_constructors
    Feature record: CXX_FEATURE:0cxx_deleted_functions
    Feature record: CXX_FEATURE:0cxx_digit_separators
    Feature record: CXX_FEATURE:0cxx_enum_forward_declarations
    Feature record: CXX_FEATURE:0cxx_explicit_conversions
    Feature record: CXX_FEATURE:0cxx_extended_friend_declarations
    Feature record: CXX_FEATURE:0cxx_extern_templates
    Feature record: CXX_FEATURE:0cxx_final
    Feature record: CXX_FEATURE:0cxx_func_identifier
    Feature record: CXX_FEATURE:0cxx_generalized_initializers
    Feature record: CXX_FEATURE:0cxx_generic_lambdas
    Feature record: CXX_FEATURE:0cxx_inheriting_constructors
    Feature record: CXX_FEATURE:0cxx_inline_namespaces
    Feature record: CXX_FEATURE:0cxx_lambdas
    Feature record: CXX_FEATURE:0cxx_lambda_init_captures
    Feature record: CXX_FEATURE:0cxx_local_type_template_args
    Feature record: CXX_FEATURE:0cxx_long_long_type
    Feature record: CXX_FEATURE:0cxx_noexcept
    Feature record: CXX_FEATURE:0cxx_nonstatic_member_init
    Feature record: CXX_FEATURE:0cxx_nullptr
    Feature record: CXX_FEATURE:0cxx_override
    Feature record: CXX_FEATURE:0cxx_range_for
    Feature record: CXX_FEATURE:0cxx_raw_string_literals
    Feature record: CXX_FEATURE:0cxx_reference_qualified_functions
    Feature record: CXX_FEATURE:0cxx_relaxed_constexpr
    Feature record: CXX_FEATURE:0cxx_return_type_deduction
    Feature record: CXX_FEATURE:0cxx_right_angle_brackets
    Feature record: CXX_FEATURE:0cxx_rvalue_references
    Feature record: CXX_FEATURE:0cxx_sizeof_member
    Feature record: CXX_FEATURE:0cxx_static_assert
    Feature record: CXX_FEATURE:0cxx_strong_enums
    Feature record: CXX_FEATURE:1cxx_template_template_parameters
    Feature record: CXX_FEATURE:0cxx_thread_local
    Feature record: CXX_FEATURE:0cxx_trailing_return_types
    Feature record: CXX_FEATURE:0cxx_unicode_literals
    Feature record: CXX_FEATURE:0cxx_uniform_initialization
    Feature record: CXX_FEATURE:0cxx_unrestricted_unions
    Feature record: CXX_FEATURE:0cxx_user_literals
    Feature record: CXX_FEATURE:0cxx_variable_templates
    Feature record: CXX_FEATURE:0cxx_variadic_macros
    Feature record: CXX_FEATURE:0cxx_variadic_templates
The system is: Linux - 4.15.0-45-generic - x86_64
Compiling the C compiler identification source file "CMakeCCompilerId.c" succeeded.
Compiler: /usr/bin/cc 
Build flags: 
Id flags:  

The output was:
0


Compilation of the C compiler identification source "CMakeCCompilerId.c" produced "a.out"

The C compiler identification is GNU, found in "/var/stratum/cmake-build-debug/CMakeFiles/3.14.2/CompilerIdC/a.out"

Compiling the CXX compiler identification source file "CMakeCXXCompilerId.cpp" succeeded.
Compiler: /usr/bin/c++ 
Build flags: 
Id flags:  

The output was:
0


Compilation of the CXX compiler identification source "CMakeCXXCompilerId.cpp" produced "a.out"

The CXX compiler identification is GNU, found in "/var/stratum/cmake-build-debug/CMakeFiles/3.14.2/CompilerIdCXX/a.out"

Determining if the C compiler works passed with the following output:
Change Dir: /var/stratum/cmake-build-debug/CMakeFiles/CMakeTmp

Run Build Command(s):/usr/bin/make cmTC_4ac72/fast 
/usr/bin/make -f CMakeFiles/cmTC_4ac72.dir/build.make CMakeFiles/cmTC_4ac72.dir/build
make[1]: Entering directory '/var/stratum/cmake-build-debug/CMakeFiles/CMakeTmp'
Building C object CMakeFiles/cmTC_4ac72.dir/testCCompiler.c.o
/usr/bin/cc    -o CMakeFiles/cmTC_4ac72.dir/testCCompiler.c.o   -c /var/stratum/cmake-build-debug/CMakeFiles/CMakeTmp/testCCompiler.c
Linking C executable cmTC_4ac72
/root/Desktop/clion-2018.3.4/bin/cmake/linux/bin/cmake -E cmake_link_script CMakeFiles/cmTC_4ac72.dir/link.txt --verbose=1
/usr/bin/cc      CMakeFiles/cmTC_4ac72.dir/testCCompiler.c.o  -o cmTC_4ac72 
make[1]: Leaving directory '/var/stratum/cmake-build-debug/CMakeFiles/CMakeTmp'


Detecting C compiler ABI info compiled with the following output:
Change Dir: /var/stratum/cmake-build-debug/CMakeFiles/CMakeTmp

Run Build Command(s):/usr/bin/make cmTC_48b29/fast 
/usr/bin/make -f CMakeFiles/cmTC_48b29.dir/build.make CMakeFiles/cmTC_48b29.dir/build
make[1]: Entering directory '/var/stratum/cmake-build-debug/CMakeFiles/CMakeTmp'
Building C object CMakeFiles/cmTC_48b29.dir/CMakeCCompilerABI.c.o
/usr/bin/cc   -v -o CMakeFiles/cmTC_48b29.dir/CMakeCCompilerABI.c.o   -c /root/Desktop/clion-2018.3.4/bin/cmake/linux/share/cmake-3.14/Modules/CMakeCCompilerABI.c
Using built-in specs.
COLLECT_GCC=/usr/bin/cc
Target: x86_64-linux-gnu
Configured with: ../src/configure -v --with-pkgversion='Ubuntu 5.5.0-12ubuntu1' --with-bugurl=file:///usr/share/doc/gcc-5/README.Bugs --enable-languages=c,ada,c++,go,d,fortran,objc,obj-c++ --prefix=/usr --program-suffix=-5 --enable-shared --enable-linker-build-id --libexecdir=/usr/lib --without-included-gettext --enable-threads=posix --libdir=/usr/lib --enable-nls --with-sysroot=/ --enable-clocale=gnu --enable-libstdcxx-debug --enable-libstdcxx-time=yes --with-default-libstdcxx-abi=new --enable-gnu-unique-object --disable-vtable-verify --enable-libmpx --enable-plugin --enable-default-pie --with-system-zlib --enable-objc-gc --enable-multiarch --disable-werror --with-arch-32=i686 --with-abi=m64 --with-multilib-list=m32,m64,mx32 --enable-multilib --with-tune=generic --enable-checking=release --build=x86_64-linux-gnu --host=x86_64-linux-gnu --target=x86_64-linux-gnu
Thread model: posix
gcc version 5.5.0 20171010 (Ubuntu 5.5.0-12ubuntu1) 
COLLECT_GCC_OPTIONS='-v' '-o' 'CMakeFiles/cmTC_48b29.dir/CMakeCCompilerABI.c.o' '-c' '-mtune=generic' '-march=x86-64'
 /usr/lib/gcc/x86_64-linux-gnu/5/cc1 -quiet -v -imultiarch x86_64-linux-gnu /root/Desktop/clion-2018.3.4/bin/cmake/linux/share/cmake-3.14/Modules/CMakeCCompilerABI.c -quiet -dumpbase CMakeCCompilerABI.c -mtune=generic -march=x86-64 -auxbase-strip CMakeFiles/cmTC_48b29.dir/CMakeCCompilerABI.c.o -version -fstack-protector-strong -Wformat -Wformat-security -o /tmp/ccRv9WEd.s
GNU C11 (Ubuntu 5.5.0-12ubuntu1) version 5.5.0 20171010 (x86_64-linux-gnu)
	compiled by GNU C version 5.5.0 20171010, GMP version 6.1.2, MPFR version 4.0.1, MPC version 1.1.0
GGC heuristics: --param ggc-min-expand=100 --param ggc-min-heapsize=131072
ignoring nonexistent directory "/usr/local/include/x86_64-linux-gnu"
ignoring nonexistent directory "/usr/lib/gcc/x86_64-linux-gnu/5/../../../../x86_64-linux-gnu/include"
#include "..." search starts here:
#include <...> search starts here:
 /usr/lib/gcc/x86_64-linux-gnu/5/include
 /usr/local/include
 /usr/lib/gcc/x86_64-linux-gnu/5/include-fixed
 /usr/include/x86_64-linux-gnu
 /usr/include
End of search list.
GNU C11 (Ubuntu 5.5.0-12ubuntu1) version 5.5.0 20171010 (x86_64-linux-gnu)
	compiled by GNU C version 5.5.0 20171010, GMP version 6.1.2, MPFR version 4.0.1, MPC version 1.1.0
GGC heuristics: --param ggc-min-expand=100 --param ggc-min-heapsize=131072
Compiler executable checksum: 01e8a6319f5844c2da00558c5054f341
COLLECT_GCC_OPTIONS='-v' '-o' 'CMakeFiles/cmTC_48b29.dir/CMakeCCompilerABI.c.o' '-c' '-mtune=generic' '-march=x86-64'
 as -v --64 -o CMakeFiles/cmTC_48b29.dir/CMakeCCompilerABI.c.o /tmp/ccRv9WEd.s
GNU assembler version 2.30 (x86_64-linux-gnu) using BFD version (GNU Binutils for Ubuntu) 2.30
COMPILER_PATH=/usr/lib/gcc/x86_64-linux-gnu/5/:/usr/lib/gcc/x86_64-linux-gnu/5/:/usr/lib/gcc/x86_64-linux-gnu/:/usr/lib/gcc/x86_64-linux-gnu/5/:/usr/lib/gcc/x86_64-linux-gnu/
LIBRARY_PATH=/usr/lib/gcc/x86_64-linux-gnu/5/:/usr/lib/gcc/x86_64-linux-gnu/5/../../../x86_64-linux-gnu/:/usr/lib/gcc/x86_64-linux-gnu/5/../../../../lib/:/lib/x86_64-linux-gnu/:/lib/../lib/:/usr/lib/x86_64-linux-gnu/:/usr/lib/../lib/:/usr/lib/gcc/x86_64-linux-gnu/5/../../../:/lib/:/usr/lib/
COLLECT_GCC_OPTIONS='-v' '-o' 'CMakeFiles/cmTC_48b29.dir/CMakeCCompilerABI.c.o' '-c' '-mtune=generic' '-march=x86-64'
Linking C executable cmTC_48b29
/root/Desktop/clion-2018.3.4/bin/cmake/linux/bin/cmake -E cmake_link_script CMakeFiles/cmTC_48b29.dir/link.txt --verbose=1
/usr/bin/cc     -v CMakeFiles/cmTC_48b29.dir/CMakeCCompilerABI.c.o  -o cmTC_48b29 
Using built-in specs.
COLLECT_GCC=/usr/bin/cc
COLLECT_LTO_WRAPPER=/usr/lib/gcc/x86_64-linux-gnu/5/lto-wrapper
Target: x86_64-linux-gnu
Configured with: ../src/configure -v --with-pkgversion='Ubuntu 5.5.0-12ubuntu1' --with-bugurl=file:///usr/share/doc/gcc-5/README.Bugs --enable-languages=c,ada,c++,go,d,fortran,objc,obj-c++ --prefix=/usr --program-suffix=-5 --enable-shared --enable-linker-build-id --libexecdir=/usr/lib --without-included-gettext --enable-threads=posix --libdir=/usr/lib --enable-nls --with-sysroot=/ --enable-clocale=gnu --enable-libstdcxx-debug --enable-libstdcxx-time=yes --with-default-libstdcxx-abi=new --enable-gnu-unique-object --disable-vtable-verify --enable-libmpx --enable-plugin --enable-default-pie --with-system-zlib --enable-objc-gc --enable-multiarch --disable-werror --with-arch-32=i686 --with-abi=m64 --with-multilib-list=m32,m64,mx32 --enable-multilib --with-tune=generic --enable-checking=release --build=x86_64-linux-gnu --host=x86_64-linux-gnu --target=x86_64-linux-gnu
Thread model: posix
gcc version 5.5.0 20171010 (Ubuntu 5.5.0-12ubuntu1) 
COMPILER_PATH=/usr/lib/gcc/x86_64-linux-gnu/5/:/usr/lib/gcc/x86_64-linux-gnu/5/:/usr/lib/gcc/x86_64-linux-gnu/:/usr/lib/gcc/x86_64-linux-gnu/5/:/usr/lib/gcc/x86_64-linux-gnu/
LIBRARY_PATH=/usr/lib/gcc/x86_64-linux-gnu/5/:/usr/lib/gcc/x86_64-linux-gnu/5/../../../x86_64-linux-gnu/:/usr/lib/gcc/x86_64-linux-gnu/5/../../../../lib/:/lib/x86_64-linux-gnu/:/lib/../lib/:/usr/lib/x86_64-linux-gnu/:/usr/lib/../lib/:/usr/lib/gcc/x86_64-linux-gnu/5/../../../:/lib/:/usr/lib/
COLLECT_GCC_OPTIONS='-v' '-o' 'cmTC_48b29' '-mtune=generic' '-march=x86-64'
 /usr/lib/gcc/x86_64-linux-gnu/5/collect2 -plugin /usr/lib/gcc/x86_64-linux-gnu/5/liblto_plugin.so -plugin-opt=/usr/lib/gcc/x86_64-linux-gnu/5/lto-wrapper -plugin-opt=-fresolution=/tmp/cc36rdUk.res -plugin-opt=-pass-through=-lgcc -plugin-opt=-pass-through=-lgcc_s -plugin-opt=-pass-through=-lc -plugin-opt=-pass-through=-lgcc -plugin-opt=-pass-through=-lgcc_s --sysroot=/ --build-id --eh-frame-hdr -m elf_x86_64 --hash-style=gnu --as-needed -dynamic-linker /lib64/ld-linux-x86-64.so.2 -pie -z now -z relro -o cmTC_48b29 /usr/lib/gcc/x86_64-linux-gnu/5/../../../x86_64-linux-gnu/Scrt1.o /usr/lib/gcc/x86_64-linux-gnu/5/../../../x86_64-linux-gnu/crti.o /usr/lib/gcc/x86_64-linux-gnu/5/crtbeginS.o -L/usr/lib/gcc/x86_64-linux-gnu/5 -L/usr/lib/gcc/x86_64-linux-gnu/5/../../../x86_64-linux-gnu -L/usr/lib/gcc/x86_64-linux-gnu/5/../../../../lib -L/lib/x86_64-linux-gnu -L/lib/../lib -L/usr/lib/x86_64-linux-gnu -L/usr/lib/../lib -L/usr/lib/gcc/x86_64-linux-gnu/5/../../.. CMakeFiles/cmTC_48b29.dir/CMakeCCompilerABI.c.o -lgcc --push-state --as-needed -lgcc_s --pop-state -lc -lgcc --push-state --as-needed -lgcc_s --pop-state /usr/lib/gcc/x86_64-linux-gnu/5/crtend.o /usr/lib/gcc/x86_64-linux-gnu/5/../../../x86_64-linux-gnu/crtn.o
make[1]: Leaving directory '/var/stratum/cmake-build-debug/CMakeFiles/CMakeTmp'


Parsed C implicit include dir info from above output: rv=done
  found start of include info
  found start of implicit include info
    add: [/usr/lib/gcc/x86_64-linux-gnu/5/include]
    add: [/usr/local/include]
    add: [/usr/lib/gcc/x86_64-linux-gnu/5/include-fixed]
    add: [/usr/include/x86_64-linux-gnu]
    add: [/usr/include]
  end of search list found
  collapse include dir [/usr/lib/gcc/x86_64-linux-gnu/5/include] ==> [/usr/lib/gcc/x86_64-linux-gnu/5/include]
  collapse include dir [/usr/local/include] ==> [/usr/local/include]
  collapse include dir [/usr/lib/gcc/x86_64-linux-gnu/5/include-fixed] ==> [/usr/lib/gcc/x86_64-linux-gnu/5/include-fixed]
  collapse include dir [/usr/include/x86_64-linux-gnu] ==> [/usr/include/x86_64-linux-gnu]
  collapse include dir [/usr/include] ==> [/usr/include]
  implicit include dirs: [/usr/lib/gcc/x86_64-linux-gnu/5/include;/usr/local/include;/usr/lib/gcc/x86_64-linux-gnu/5/include-fixed;/usr/include/x86_64-linux-gnu;/usr/include]


Parsed C implicit link information from above output:
  link line regex: [^( *|.*[/\])(ld|CMAKE_LINK_STARTFILE-NOTFOUND|([^/\]+-)?ld|collect2)[^/\]*( |$)]
  ignore line: [Change Dir: /var/stratum/cmake-build-debug/CMakeFiles/CMakeTmp]
  ignore line: []
  ignore line: [Run Build Command(s):/usr/bin/make cmTC_48b29/fast ]
  ignore line: [/usr/bin/make -f CMakeFiles/cmTC_48b29.dir/build.make CMakeFiles/cmTC_48b29.dir/build]
  ignore line: [make[1]: Entering directory '/var/stratum/cmake-build-debug/CMakeFiles/CMakeTmp']
  ignore line: [Building C object CMakeFiles/cmTC_48b29.dir/CMakeCCompilerABI.c.o]
  ignore line: [/usr/bin/cc   -v -o CMakeFiles/cmTC_48b29.dir/CMakeCCompilerABI.c.o   -c /root/Desktop/clion-2018.3.4/bin/cmake/linux/share/cmake-3.14/Modules/CMakeCCompilerABI.c]
  ignore line: [Using built-in specs.]
  ignore line: [COLLECT_GCC=/usr/bin/cc]
  ignore line: [Target: x86_64-linux-gnu]
  ignore line: [Configured with: ../src/configure -v --with-pkgversion='Ubuntu 5.5.0-12ubuntu1' --with-bugurl=file:///usr/share/doc/gcc-5/README.Bugs --enable-languages=c,ada,c++,go,d,fortran,objc,obj-c++ --prefix=/usr --program-suffix=-5 --enable-shared --enable-linker-build-id --libexecdir=/usr/lib --without-included-gettext --enable-threads=posix --libdir=/usr/lib --enable-nls --with-sysroot=/ --enable-clocale=gnu --enable-libstdcxx-debug --enable-libstdcxx-time=yes --with-default-libstdcxx-abi=new --enable-gnu-unique-object --disable-vtable-verify --enable-libmpx --enable-plugin --enable-default-pie --with-system-zlib --enable-objc-gc --enable-multiarch --disable-werror --with-arch-32=i686 --with-abi=m64 --with-multilib-list=m32,m64,mx32 --enable-multilib --with-tune=generic --enable-checking=release --build=x86_64-linux-gnu --host=x86_64-linux-gnu --target=x86_64-linux-gnu]
  ignore line: [Thread model: posix]
  ignore line: [gcc version 5.5.0 20171010 (Ubuntu 5.5.0-12ubuntu1) ]
  ignore line: [COLLECT_GCC_OPTIONS='-v' '-o' 'CMakeFiles/cmTC_48b29.dir/CMakeCCompilerABI.c.o' '-c' '-mtune=generic' '-march=x86-64']
  ignore line: [ /usr/lib/gcc/x86_64-linux-gnu/5/cc1 -quiet -v -imultiarch x86_64-linux-gnu /root/Desktop/clion-2018.3.4/bin/cmake/linux/share/cmake-3.14/Modules/CMakeCCompilerABI.c -quiet -dumpbase CMakeCCompilerABI.c -mtune=generic -march=x86-64 -auxbase-strip CMakeFiles/cmTC_48b29.dir/CMakeCCompilerABI.c.o -version -fstack-protector-strong -Wformat -Wformat-security -o /tmp/ccRv9WEd.s]
  ignore line: [GNU C11 (Ubuntu 5.5.0-12ubuntu1) version 5.5.0 20171010 (x86_64-linux-gnu)]
  ignore line: [	compiled by GNU C version 5.5.0 20171010, GMP version 6.1.2, MPFR version 4.0.1, MPC version 1.1.0]
  ignore line: [GGC heuristics: --param ggc-min-expand=100 --param ggc-min-heapsize=131072]
  ignore line: [ignoring nonexistent directory "/usr/local/include/x86_64-linux-gnu"]
  ignore line: [ignoring nonexistent directory "/usr/lib/gcc/x86_64-linux-gnu/5/../../../../x86_64-linux-gnu/include"]
  ignore line: [#include "..." search starts here:]
  ignore line: [#include <...> search starts here:]
  ignore line: [ /usr/lib/gcc/x86_64-linux-gnu/5/include]
  ignore line: [ /usr/local/include]
  ignore line: [ /usr/lib/gcc/x86_64-linux-gnu/5/include-fixed]
  ignore line: [ /usr/include/x86_64-linux-gnu]
  ignore line: [ /usr/include]
  ignore line: [End of search list.]
  ignore line: [GNU C11 (Ubuntu 5.5.0-12ubuntu1) version 5.5.0 20171010 (x86_64-linux-gnu)]
  ignore line: [	compiled by GNU C version 5.5.0 20171010, GMP version 6.1.2, MPFR version 4.0.1, MPC version 1.1.0]
  ignore line: [GGC heuristics: --param ggc-min-expand=100 --param ggc-min-heapsize=131072]
  ignore line: [Compiler executable checksum: 01e8a6319f5844c2da00558c5054f341]
  ignore line: [COLLECT_GCC_OPTIONS='-v' '-o' 'CMakeFiles/cmTC_48b29.dir/CMakeCCompilerABI.c.o' '-c' '-mtune=generic' '-march=x86-64']
  ignore line: [ as -v --64 -o CMakeFiles/cmTC_48b29.dir/CMakeCCompilerABI.c.o /tmp/ccRv9WEd.s]
  ignore line: [GNU assembler version 2.30 (x86_64-linux-gnu) using BFD version (GNU Binutils for Ubuntu) 2.30]
  ignore line: [COMPILER_PATH=/usr/lib/gcc/x86_64-linux-gnu/5/:/usr/lib/gcc/x86_64-linux-gnu/5/:/usr/lib/gcc/x86_64-linux-gnu/:/usr/lib/gcc/x86_64-linux-gnu/5/:/usr/lib/gcc/x86_64-linux-gnu/]
  ignore line: [LIBRARY_PATH=/usr/lib/gcc/x86_64-linux-gnu/5/:/usr/lib/gcc/x86_64-linux-gnu/5/../../../x86_64-linux-gnu/:/usr/lib/gcc/x86_64-linux-gnu/5/../../../../lib/:/lib/x86_64-linux-gnu/:/lib/../lib/:/usr/lib/x86_64-linux-gnu/:/usr/lib/../lib/:/usr/lib/gcc/x86_64-linux-gnu/5/../../../:/lib/:/usr/lib/]
  ignore line: [COLLECT_GCC_OPTIONS='-v' '-o' 'CMakeFiles/cmTC_48b29.dir/CMakeCCompilerABI.c.o' '-c' '-mtune=generic' '-march=x86-64']
  ignore line: [Linking C executable cmTC_48b29]
  ignore line: [/root/Desktop/clion-2018.3.4/bin/cmake/linux/bin/cmake -E cmake_link_script CMakeFiles/cmTC_48b29.dir/link.txt --verbose=1]
  ignore line: [/usr/bin/cc     -v CMakeFiles/cmTC_48b29.dir/CMakeCCompilerABI.c.o  -o cmTC_48b29 ]
  ignore line: [Using built-in specs.]
  ignore line: [COLLECT_GCC=/usr/bin/cc]
  ignore line: [COLLECT_LTO_WRAPPER=/usr/lib/gcc/x86_64-linux-gnu/5/lto-wrapper]
  ignore line: [Target: x86_64-linux-gnu]
  ignore line: [Configured with: ../src/configure -v --with-pkgversion='Ubuntu 5.5.0-12ubuntu1' --with-bugurl=file:///usr/share/doc/gcc-5/README.Bugs --enable-languages=c,ada,c++,go,d,fortran,objc,obj-c++ --prefix=/usr --program-suffix=-5 --enable-shared --enable-linker-build-id --libexecdir=/usr/lib --without-included-gettext --enable-threads=posix --libdir=/usr/lib --enable-nls --with-sysroot=/ --enable-clocale=gnu --enable-libstdcxx-debug --enable-libstdcxx-time=yes --with-default-libstdcxx-abi=new --enable-gnu-unique-object --disable-vtable-verify --enable-libmpx --enable-plugin --enable-default-pie --with-system-zlib --enable-objc-gc --enable-multiarch --disable-werror --with-arch-32=i686 --with-abi=m64 --with-multilib-list=m32,m64,mx32 --enable-multilib --with-tune=generic --enable-checking=release --build=x86_64-linux-gnu --host=x86_64-linux-gnu --target=x86_64-linux-gnu]
  ignore line: [Thread model: posix]
  ignore line: [gcc version 5.5.0 20171010 (Ubuntu 5.5.0-12ubuntu1) ]
  ignore line: [COMPILER_PATH=/usr/lib/gcc/x86_64-linux-gnu/5/:/usr/lib/gcc/x86_64-linux-gnu/5/:/usr/lib/gcc/x86_64-linux-gnu/:/usr/lib/gcc/x86_64-linux-gnu/5/:/usr/lib/gcc/x86_64-linux-gnu/]
  ignore line: [LIBRARY_PATH=/usr/lib/gcc/x86_64-linux-gnu/5/:/usr/lib/gcc/x86_64-linux-gnu/5/../../../x86_64-linux-gnu/:/usr/lib/gcc/x86_64-linux-gnu/5/../../../../lib/:/lib/x86_64-linux-gnu/:/lib/../lib/:/usr/lib/x86_64-linux-gnu/:/usr/lib/../lib/:/usr/lib/gcc/x86_64-linux-gnu/5/../../../:/lib/:/usr/lib/]
  ignore line: [COLLECT_GCC_OPTIONS='-v' '-o' 'cmTC_48b29' '-mtune=generic' '-march=x86-64']
  link line: [ /usr/lib/gcc/x86_64-linux-gnu/5/collect2 -plugin /usr/lib/gcc/x86_64-linux-gnu/5/liblto_plugin.so -plugin-opt=/usr/lib/gcc/x86_64-linux-gnu/5/lto-wrapper -plugin-opt=-fresolution=/tmp/cc36rdUk.res -plugin-opt=-pass-through=-lgcc -plugin-opt=-pass-through=-lgcc_s -plugin-opt=-pass-through=-lc -plugin-opt=-pass-through=-lgcc -plugin-opt=-pass-through=-lgcc_s --sysroot=/ --build-id --eh-frame-hdr -m elf_x86_64 --hash-style=gnu --as-needed -dynamic-linker /lib64/ld-linux-x86-64.so.2 -pie -z now -z relro -o cmTC_48b29 /usr/lib/gcc/x86_64-linux-gnu/5/../../../x86_64-linux-gnu/Scrt1.o /usr/lib/gcc/x86_64-linux-gnu/5/../../../x86_64-linux-gnu/crti.o /usr/lib/gcc/x86_64-linux-gnu/5/crtbeginS.o -L/usr/lib/gcc/x86_64-linux-gnu/5 -L/usr/lib/gcc/x86_64-linux-gnu/5/../../../x86_64-linux-gnu -L/usr/lib/gcc/x86_64-linux-gnu/5/../../../../lib -L/lib/x86_64-linux-gnu -L/lib/../lib -L/usr/lib/x86_64-linux-gnu -L/usr/lib/../lib -L/usr/lib/gcc/x86_64-linux-gnu/5/../../.. CMakeFiles/cmTC_48b29.dir/CMakeCCompilerABI.c.o -lgcc --push-state --as-needed -lgcc_s --pop-state -lc -lgcc --push-state --as-needed -lgcc_s --pop-state /usr/lib/gcc/x86_64-linux-gnu/5/crtend.o /usr/lib/gcc/x86_64-linux-gnu/5/../../../x86_64-linux-gnu/crtn.o]
    arg [/usr/lib/gcc/x86_64-linux-gnu/5/collect2] ==> ignore
    arg [-plugin] ==> ignore
    arg [/usr/lib/gcc/x86_64-linux-gnu/5/liblto_plugin.so] ==> ignore
    arg [-plugin-opt=/usr/lib/gcc/x86_64-linux-gnu/5/lto-wrapper] ==> ignore
    arg [-plugin-opt=-fresolution=/tmp/cc36rdUk.res] ==> ignore
    arg [-plugin-opt=-pass-through=-lgcc] ==> ignore
    arg [-plugin-opt=-pass-through=-lgcc_s] ==> ignore
    arg [-plugin-opt=-pass-through=-lc] ==> ignore
    arg [-plugin-opt=-pass-through=-lgcc] ==> ignore
    arg [-plugin-opt=-pass-through=-lgcc_s] ==> ignore
    arg [--sysroot=/] ==> ignore
    arg [--build-id] ==> ignore
    arg [--eh-frame-hdr] ==> ignore
    arg [-m] ==> ignore
    arg [elf_x86_64] ==> ignore
    arg [--hash-style=gnu] ==> ignore
    arg [--as-needed] ==> ignore
    arg [-dynamic-linker] ==> ignore
    arg [/lib64/ld-linux-x86-64.so.2] ==> ignore
    arg [-pie] ==> ignore
    arg [-znow] ==> ignore
    arg [-zrelro] ==> ignore
    arg [-o] ==> ignore
    arg [cmTC_48b29] ==> ignore
    arg [/usr/lib/gcc/x86_64-linux-gnu/5/../../../x86_64-linux-gnu/Scrt1.o] ==> ignore
    arg [/usr/lib/gcc/x86_64-linux-gnu/5/../../../x86_64-linux-gnu/crti.o] ==> ignore
    arg [/usr/lib/gcc/x86_64-linux-gnu/5/crtbeginS.o] ==> ignore
    arg [-L/usr/lib/gcc/x86_64-linux-gnu/5] ==> dir [/usr/lib/gcc/x86_64-linux-gnu/5]
    arg [-L/usr/lib/gcc/x86_64-linux-gnu/5/../../../x86_64-linux-gnu] ==> dir [/usr/lib/gcc/x86_64-linux-gnu/5/../../../x86_64-linux-gnu]
    arg [-L/usr/lib/gcc/x86_64-linux-gnu/5/../../../../lib] ==> dir [/usr/lib/gcc/x86_64-linux-gnu/5/../../../../lib]
    arg [-L/lib/x86_64-linux-gnu] ==> dir [/lib/x86_64-linux-gnu]
    arg [-L/lib/../lib] ==> dir [/lib/../lib]
    arg [-L/usr/lib/x86_64-linux-gnu] ==> dir [/usr/lib/x86_64-linux-gnu]
    arg [-L/usr/lib/../lib] ==> dir [/usr/lib/../lib]
    arg [-L/usr/lib/gcc/x86_64-linux-gnu/5/../../..] ==> dir [/usr/lib/gcc/x86_64-linux-gnu/5/../../..]
    arg [CMakeFiles/cmTC_48b29.dir/CMakeCCompilerABI.c.o] ==> ignore
    arg [-lgcc] ==> lib [gcc]
    arg [--push-state] ==> ignore
    arg [--as-needed] ==> ignore
    arg [-lgcc_s] ==> lib [gcc_s]
    arg [--pop-state] ==> ignore
    arg [-lc] ==> lib [c]
    arg [-lgcc] ==> lib [gcc]
    arg [--push-state] ==> ignore
    arg [--as-needed] ==> ignore
    arg [-lgcc_s] ==> lib [gcc_s]
    arg [--pop-state] ==> ignore
    arg [/usr/lib/gcc/x86_64-linux-gnu/5/crtend.o] ==> ignore
    arg [/usr/lib/gcc/x86_64-linux-gnu/5/../../../x86_64-linux-gnu/crtn.o] ==> ignore
  collapse library dir [/usr/lib/gcc/x86_64-linux-gnu/5] ==> [/usr/lib/gcc/x86_64-linux-gnu/5]
  collapse library dir [/usr/lib/gcc/x86_64-linux-gnu/5/../../../x86_64-linux-gnu] ==> [/usr/lib/x86_64-linux-gnu]
  collapse library dir [/usr/lib/gcc/x86_64-linux-gnu/5/../../../../lib] ==> [/usr/lib]
  collapse library dir [/lib/x86_64-linux-gnu] ==> [/lib/x86_64-linux-gnu]
  collapse library dir [/lib/../lib] ==> [/lib]
  collapse library dir [/usr/lib/x86_64-linux-gnu] ==> [/usr/lib/x86_64-linux-gnu]
  collapse library dir [/usr/lib/../lib] ==> [/usr/lib]
  collapse library dir [/usr/lib/gcc/x86_64-linux-gnu/5/../../..] ==> [/usr/lib]
  implicit libs: [gcc;gcc_s;c;gcc;gcc_s]
  implicit dirs: [/usr/lib/gcc/x86_64-linux-gnu/5;/usr/lib/x86_64-linux-gnu;/usr/lib;/lib/x86_64-linux-gnu;/lib]
  implicit fwks: []




Detecting C [-std=c11] compiler features compiled with the following output:
Change Dir: /var/stratum/cmake-build-debug/CMakeFiles/CMakeTmp

Run Build Command(s):/usr/bin/make cmTC_43f88/fast 
/usr/bin/make -f CMakeFiles/cmTC_43f88.dir/build.make CMakeFiles/cmTC_43f88.dir/build
make[1]: Entering directory '/var/stratum/cmake-build-debug/CMakeFiles/CMakeTmp'
Building C object CMakeFiles/cmTC_43f88.dir/feature_tests.c.o
/usr/bin/cc   -std=c11 -o CMakeFiles/cmTC_43f88.dir/feature_tests.c.o   -c /var/stratum/cmake-build-debug/CMakeFiles/feature_tests.c
Linking C executable cmTC_43f88
/root/Desktop/clion-2018.3.4/bin/cmake/linux/bin/cmake -E cmake_link_script CMakeFiles/cmTC_43f88.dir/link.txt --verbose=1
/usr/bin/cc      CMakeFiles/cmTC_43f88.dir/feature_tests.c.o  -o cmTC_43f88 
make[1]: Leaving directory '/var/stratum/cmake-build-debug/CMakeFiles/CMakeTmp'


    Feature record: C_FEATURE:1c_function_prototypes
    Feature record: C_FEATURE:1c_restrict
    Feature record: C_FEATURE:1c_static_assert
    Feature record: C_FEATURE:1c_variadic_macros


Detecting C [-std=c99] compiler features compiled with the following output:
Change Dir: /var/stratum/cmake-build-debug/CMakeFiles/CMakeTmp

Run Build Command(s):/usr/bin/make cmTC_40ab9/fast 
/usr/bin/make -f CMakeFiles/cmTC_40ab9.dir/build.make CMakeFiles/cmTC_40ab9.dir/build
make[1]: Entering directory '/var/stratum/cmake-build-debug/CMakeFiles/CMakeTmp'
Building C object CMakeFiles/cmTC_40ab9.dir/feature_tests.c.o
/usr/bin/cc   -std=c99 -o CMakeFiles/cmTC_40ab9.dir/feature_tests.c.o   -c /var/stratum/cmake-build-debug/CMakeFiles/feature_tests.c
Linking C executable cmTC_40ab9
/root/Desktop/clion-2018.3.4/bin/cmake/linux/bin/cmake -E cmake_link_script CMakeFiles/cmTC_40ab9.dir/link.txt --verbose=1
/usr/bin/cc      CMakeFiles/cmTC_40ab9.dir/feature_tests.c.o  -o cmTC_40ab9 
make[1]: Leaving directory '/var/stratum/cmake-build-debug/CMakeFiles/CMakeTmp'


    Feature record: C_FEATURE:1c_function_prototypes
    Feature record: C_FEATURE:1c_restrict
    Feature record: C_FEATURE:0c_static_assert
    Feature record: C_FEATURE:1c_variadic_macros


Detecting C [-std=c90] compiler features compiled with the following output:
Change Dir: /var/stratum/cmake-build-debug/CMakeFiles/CMakeTmp

Run Build Command(s):/usr/bin/make cmTC_66ce5/fast 
/usr/bin/make -f CMakeFiles/cmTC_66ce5.dir/build.make CMakeFiles/cmTC_66ce5.dir/build
make[1]: Entering directory '/var/stratum/cmake-build-debug/CMakeFiles/CMakeTmp'
Building C object CMakeFiles/cmTC_66ce5.dir/feature_tests.c.o
/usr/bin/cc   -std=c90 -o CMakeFiles/cmTC_66ce5.dir/feature_tests.c.o   -c /var/stratum/cmake-build-debug/CMakeFiles/feature_tests.c
Linking C executable cmTC_66ce5
/root/Desktop/clion-2018.3.4/bin/cmake/linux/bin/cmake -E cmake_link_script CMakeFiles/cmTC_66ce5.dir/link.txt --verbose=1
/usr/bin/cc      CMakeFiles/cmTC_66ce5.dir/feature_tests.c.o  -o cmTC_66ce5 
make[1]: Leaving directory '/var/stratum/cmake-build-debug/CMakeFiles/CMakeTmp'


    Feature record: C_FEATURE:1c_function_prototypes
    Feature record: C_FEATURE:0c_restrict
    Feature record: C_FEATURE:0c_static_assert
    Feature record: C_FEATURE:0c_variadic_macros
Determining if the CXX compiler works passed with the following output:
Change Dir: /var/stratum/cmake-build-debug/CMakeFiles/CMakeTmp

Run Build Command(s):/usr/bin/make cmTC_a7e33/fast 
/usr/bin/make -f CMakeFiles/cmTC_a7e33.dir/build.make CMakeFiles/cmTC_a7e33.dir/build
make[1]: Entering directory '/var/stratum/cmake-build-debug/CMakeFiles/CMakeTmp'
Building CXX object CMakeFiles/cmTC_a7e33.dir/testCXXCompiler.cxx.o
/usr/bin/c++     -o CMakeFiles/cmTC_a7e33.dir/testCXXCompiler.cxx.o -c /var/stratum/cmake-build-debug/CMakeFiles/CMakeTmp/testCXXCompiler.cxx
Linking CXX executable cmTC_a7e33
/root/Desktop/clion-2018.3.4/bin/cmake/linux/bin/cmake -E cmake_link_script CMakeFiles/cmTC_a7e33.dir/link.txt --verbose=1
/usr/bin/c++       CMakeFiles/cmTC_a7e33.dir/testCXXCompiler.cxx.o  -o cmTC_a7e33 
make[1]: Leaving directory '/var/stratum/cmake-build-debug/CMakeFiles/CMakeTmp'


Detecting CXX compiler ABI info compiled with the following output:
Change Dir: /var/stratum/cmake-build-debug/CMakeFiles/CMakeTmp

Run Build Command(s):/usr/bin/make cmTC_90633/fast 
/usr/bin/make -f CMakeFiles/cmTC_90633.dir/build.make CMakeFiles/cmTC_90633.dir/build
make[1]: Entering directory '/var/stratum/cmake-build-debug/CMakeFiles/CMakeTmp'
Building CXX object CMakeFiles/cmTC_90633.dir/CMakeCXXCompilerABI.cpp.o
/usr/bin/c++    -v -o CMakeFiles/cmTC_90633.dir/CMakeCXXCompilerABI.cpp.o -c /root/Desktop/clion-2018.3.4/bin/cmake/linux/share/cmake-3.14/Modules/CMakeCXXCompilerABI.cpp
Using built-in specs.
COLLECT_GCC=/usr/bin/c++
Target: x86_64-linux-gnu
Configured with: ../src/configure -v --with-pkgversion='Ubuntu 5.5.0-12ubuntu1' --with-bugurl=file:///usr/share/doc/gcc-5/README.Bugs --enable-languages=c,ada,c++,go,d,fortran,objc,obj-c++ --prefix=/usr --program-suffix=-5 --enable-shared --enable-linker-build-id --libexecdir=/usr/lib --without-included-gettext --enable-threads=posix --libdir=/usr/lib --enable-nls --with-sysroot=/ --enable-clocale=gnu --enable-libstdcxx-debug --enable-libstdcxx-time=yes --with-default-libstdcxx-abi=new --enable-gnu-unique-object --disable-vtable-verify --enable-libmpx --enable-plugin --enable-default-pie --with-system-zlib --enable-objc-gc --enable-multiarch --disable-werror --with-arch-32=i686 --with-abi=m64 --with-multilib-list=m32,m64,mx32 --enable-multilib --with-tune=generic --enable-checking=release --build=x86_64-linux-gnu --host=x86_64-linux-gnu --target=x86_64-linux-gnu
Thread model: posix
gcc version 5.5.0 20171010 (Ubuntu 5.5.0-12ubuntu1) 
COLLECT_GCC_OPTIONS='-v' '-o' 'CMakeFiles/cmTC_90633.dir/CMakeCXXCompilerABI.cpp.o' '-c' '-shared-libgcc' '-mtune=generic' '-march=x86-64'
 /usr/lib/gcc/x86_64-linux-gnu/5/cc1plus -quiet -v -imultiarch x86_64-linux-gnu -D_GNU_SOURCE /root/Desktop/clion-2018.3.4/bin/cmake/linux/share/cmake-3.14/Modules/CMakeCXXCompilerABI.cpp -quiet -dumpbase CMakeCXXCompilerABI.cpp -mtune=generic -march=x86-64 -auxbase-strip CMakeFiles/cmTC_90633.dir/CMakeCXXCompilerABI.cpp.o -version -fstack-protector-strong -Wformat -Wformat-security -o /tmp/ccS048G7.s
GNU C++ (Ubuntu 5.5.0-12ubuntu1) version 5.5.0 20171010 (x86_64-linux-gnu)
	compiled by GNU C version 5.5.0 20171010, GMP version 6.1.2, MPFR version 4.0.1, MPC version 1.1.0
GGC heuristics: --param ggc-min-expand=100 --param ggc-min-heapsize=131072
ignoring duplicate directory "/usr/include/x86_64-linux-gnu/c++/5"
ignoring nonexistent directory "/usr/local/include/x86_64-linux-gnu"
ignoring nonexistent directory "/usr/lib/gcc/x86_64-linux-gnu/5/../../../../x86_64-linux-gnu/include"
#include "..." search starts here:
#include <...> search starts here:
 /usr/include/c++/5
 /usr/include/x86_64-linux-gnu/c++/5
 /usr/include/c++/5/backward
 /usr/lib/gcc/x86_64-linux-gnu/5/include
 /usr/local/include
 /usr/lib/gcc/x86_64-linux-gnu/5/include-fixed
 /usr/include/x86_64-linux-gnu
 /usr/include
End of search list.
GNU C++ (Ubuntu 5.5.0-12ubuntu1) version 5.5.0 20171010 (x86_64-linux-gnu)
	compiled by GNU C version 5.5.0 20171010, GMP version 6.1.2, MPFR version 4.0.1, MPC version 1.1.0
GGC heuristics: --param ggc-min-expand=100 --param ggc-min-heapsize=131072
Compiler executable checksum: 7502860693407ccc98d9842871193560
COLLECT_GCC_OPTIONS='-v' '-o' 'CMakeFiles/cmTC_90633.dir/CMakeCXXCompilerABI.cpp.o' '-c' '-shared-libgcc' '-mtune=generic' '-march=x86-64'
 as -v --64 -o CMakeFiles/cmTC_90633.dir/CMakeCXXCompilerABI.cpp.o /tmp/ccS048G7.s
GNU assembler version 2.30 (x86_64-linux-gnu) using BFD version (GNU Binutils for Ubuntu) 2.30
COMPILER_PATH=/usr/lib/gcc/x86_64-linux-gnu/5/:/usr/lib/gcc/x86_64-linux-gnu/5/:/usr/lib/gcc/x86_64-linux-gnu/:/usr/lib/gcc/x86_64-linux-gnu/5/:/usr/lib/gcc/x86_64-linux-gnu/
LIBRARY_PATH=/usr/lib/gcc/x86_64-linux-gnu/5/:/usr/lib/gcc/x86_64-linux-gnu/5/../../../x86_64-linux-gnu/:/usr/lib/gcc/x86_64-linux-gnu/5/../../../../lib/:/lib/x86_64-linux-gnu/:/lib/../lib/:/usr/lib/x86_64-linux-gnu/:/usr/lib/../lib/:/usr/lib/gcc/x86_64-linux-gnu/5/../../../:/lib/:/usr/lib/
COLLECT_GCC_OPTIONS='-v' '-o' 'CMakeFiles/cmTC_90633.dir/CMakeCXXCompilerABI.cpp.o' '-c' '-shared-libgcc' '-mtune=generic' '-march=x86-64'
Linking CXX executable cmTC_90633
/root/Desktop/clion-2018.3.4/bin/cmake/linux/bin/cmake -E cmake_link_script CMakeFiles/cmTC_90633.dir/link.txt --verbose=1
/usr/bin/c++      -v CMakeFiles/cmTC_90633.dir/CMakeCXXCompilerABI.cpp.o  -o cmTC_90633 
Using built-in specs.
COLLECT_GCC=/usr/bin/c++
COLLECT_LTO_WRAPPER=/usr/lib/gcc/x86_64-linux-gnu/5/lto-wrapper
Target: x86_64-linux-gnu
Configured with: ../src/configure -v --with-pkgversion='Ubuntu 5.5.0-12ubuntu1' --with-bugurl=file:///usr/share/doc/gcc-5/README.Bugs --enable-languages=c,ada,c++,go,d,fortran,objc,obj-c++ --prefix=/usr --program-suffix=-5 --enable-shared --enable-linker-build-id --libexecdir=/usr/lib --without-included-gettext --enable-threads=posix --libdir=/usr/lib --enable-nls --with-sysroot=/ --enable-clocale=gnu --enable-libstdcxx-debug --enable-libstdcxx-time=yes --with-default-libstdcxx-abi=new --enable-gnu-unique-object --disable-vtable-verify --enable-libmpx --enable-plugin --enable-default-pie --with-system-zlib --enable-objc-gc --enable-multiarch --disable-werror --with-arch-32=i686 --with-abi=m64 --with-multilib-list=m32,m64,mx32 --enable-multilib --with-tune=generic --enable-checking=release --build=x86_64-linux-gnu --host=x86_64-linux-gnu --target=x86_64-linux-gnu
Thread model: posix
gcc version 5.5.0 20171010 (Ubuntu 5.5.0-12ubuntu1) 
COMPILER_PATH=/usr/lib/gcc/x86_64-linux-gnu/5/:/usr/lib/gcc/x86_64-linux-gnu/5/:/usr/lib/gcc/x86_64-linux-gnu/:/usr/lib/gcc/x86_64-linux-gnu/5/:/usr/lib/gcc/x86_64-linux-gnu/
LIBRARY_PATH=/usr/lib/gcc/x86_64-linux-gnu/5/:/usr/lib/gcc/x86_64-linux-gnu/5/../../../x86_64-linux-gnu/:/usr/lib/gcc/x86_64-linux-gnu/5/../../../../lib/:/lib/x86_64-linux-gnu/:/lib/../lib/:/usr/lib/x86_64-linux-gnu/:/usr/lib/../lib/:/usr/lib/gcc/x86_64-linux-gnu/5/../../../:/lib/:/usr/lib/
COLLECT_GCC_OPTIONS='-v' '-o' 'cmTC_90633' '-shared-libgcc' '-mtune=generic' '-march=x86-64'
 /usr/lib/gcc/x86_64-linux-gnu/5/collect2 -plugin /usr/lib/gcc/x86_64-linux-gnu/5/liblto_plugin.so -plugin-opt=/usr/lib/gcc/x86_64-linux-gnu/5/lto-wrapper -plugin-opt=-fresolution=/tmp/ccrsuL9b.res -plugin-opt=-pass-through=-lgcc_s -plugin-opt=-pass-through=-lgcc -plugin-opt=-pass-through=-lc -plugin-opt=-pass-through=-lgcc_s -plugin-opt=-pass-through=-lgcc --sysroot=/ --build-id --eh-frame-hdr -m elf_x86_64 --hash-style=gnu --as-needed -dynamic-linker /lib64/ld-linux-x86-64.so.2 -pie -z now -z relro -o cmTC_90633 /usr/lib/gcc/x86_64-linux-gnu/5/../../../x86_64-linux-gnu/Scrt1.o /usr/lib/gcc/x86_64-linux-gnu/5/../../../x86_64-linux-gnu/crti.o /usr/lib/gcc/x86_64-linux-gnu/5/crtbeginS.o -L/usr/lib/gcc/x86_64-linux-gnu/5 -L/usr/lib/gcc/x86_64-linux-gnu/5/../../../x86_64-linux-gnu -L/usr/lib/gcc/x86_64-linux-gnu/5/../../../../lib -L/lib/x86_64-linux-gnu -L/lib/../lib -L/usr/lib/x86_64-linux-gnu -L/usr/lib/../lib -L/usr/lib/gcc/x86_64-linux-gnu/5/../../.. CMakeFiles/cmTC_90633.dir/CMakeCXXCompilerABI.cpp.o -lstdc++ -lm -lgcc_s -lgcc -lc -lgcc_s -lgcc /usr/lib/gcc/x86_64-linux-gnu/5/crtend.o /usr/lib/gcc/x86_64-linux-gnu/5/../../../x86_64-linux-gnu/crtn.o
make[1]: Leaving directory '/var/stratum/cmake-build-debug/CMakeFiles/CMakeTmp'


Parsed CXX implicit include dir info from above output: rv=done
  found start of include info
  found start of implicit include info
    add: [/usr/include/c++/5]
    add: [/usr/include/x86_64-linux-gnu/c++/5]
    add: [/usr/include/c++/5/backward]
    add: [/usr/lib/gcc/x86_64-linux-gnu/5/include]
    add: [/usr/local/include]
    add: [/usr/lib/gcc/x86_64-linux-gnu/5/include-fixed]
    add: [/usr/include/x86_64-linux-gnu]
    add: [/usr/include]
  end of search list found
  collapse include dir [/usr/include/c++/5] ==> [/usr/include/c++/5]
  collapse include dir [/usr/include/x86_64-linux-gnu/c++/5] ==> [/usr/include/x86_64-linux-gnu/c++/5]
  collapse include dir [/usr/include/c++/5/backward] ==> [/usr/include/c++/5/backward]
  collapse include dir [/usr/lib/gcc/x86_64-linux-gnu/5/include] ==> [/usr/lib/gcc/x86_64-linux-gnu/5/include]
  collapse include dir [/usr/local/include] ==> [/usr/local/include]
  collapse include dir [/usr/lib/gcc/x86_64-linux-gnu/5/include-fixed] ==> [/usr/lib/gcc/x86_64-linux-gnu/5/include-fixed]
  collapse include dir [/usr/include/x86_64-linux-gnu] ==> [/usr/include/x86_64-linux-gnu]
  collapse include dir [/usr/include] ==> [/usr/include]
  implicit include dirs: [/usr/include/c++/5;/usr/include/x86_64-linux-gnu/c++/5;/usr/include/c++/5/backward;/usr/lib/gcc/x86_64-linux-gnu/5/include;/usr/local/include;/usr/lib/gcc/x86_64-linux-gnu/5/include-fixed;/usr/include/x86_64-linux-gnu;/usr/include]


Parsed CXX implicit link information from above output:
  link line regex: [^( *|.*[/\])(ld|CMAKE_LINK_STARTFILE-NOTFOUND|([^/\]+-)?ld|collect2)[^/\]*( |$)]
  ignore line: [Change Dir: /var/stratum/cmake-build-debug/CMakeFiles/CMakeTmp]
  ignore line: []
  ignore line: [Run Build Command(s):/usr/bin/make cmTC_90633/fast ]
  ignore line: [/usr/bin/make -f CMakeFiles/cmTC_90633.dir/build.make CMakeFiles/cmTC_90633.dir/build]
  ignore line: [make[1]: Entering directory '/var/stratum/cmake-build-debug/CMakeFiles/CMakeTmp']
  ignore line: [Building CXX object CMakeFiles/cmTC_90633.dir/CMakeCXXCompilerABI.cpp.o]
  ignore line: [/usr/bin/c++    -v -o CMakeFiles/cmTC_90633.dir/CMakeCXXCompilerABI.cpp.o -c /root/Desktop/clion-2018.3.4/bin/cmake/linux/share/cmake-3.14/Modules/CMakeCXXCompilerABI.cpp]
  ignore line: [Using built-in specs.]
  ignore line: [COLLECT_GCC=/usr/bin/c++]
  ignore line: [Target: x86_64-linux-gnu]
  ignore line: [Configured with: ../src/configure -v --with-pkgversion='Ubuntu 5.5.0-12ubuntu1' --with-bugurl=file:///usr/share/doc/gcc-5/README.Bugs --enable-languages=c,ada,c++,go,d,fortran,objc,obj-c++ --prefix=/usr --program-suffix=-5 --enable-shared --enable-linker-build-id --libexecdir=/usr/lib --without-included-gettext --enable-threads=posix --libdir=/usr/lib --enable-nls --with-sysroot=/ --enable-clocale=gnu --enable-libstdcxx-debug --enable-libstdcxx-time=yes --with-default-libstdcxx-abi=new --enable-gnu-unique-object --disable-vtable-verify --enable-libmpx --enable-plugin --enable-default-pie --with-system-zlib --enable-objc-gc --enable-multiarch --disable-werror --with-arch-32=i686 --with-abi=m64 --with-multilib-list=m32,m64,mx32 --enable-multilib --with-tune=generic --enable-checking=release --build=x86_64-linux-gnu --host=x86_64-linux-gnu --target=x86_64-linux-gnu]
  ignore line: [Thread model: posix]
  ignore line: [gcc version 5.5.0 20171010 (Ubuntu 5.5.0-12ubuntu1) ]
  ignore line: [COLLECT_GCC_OPTIONS='-v' '-o' 'CMakeFiles/cmTC_90633.dir/CMakeCXXCompilerABI.cpp.o' '-c' '-shared-libgcc' '-mtune=generic' '-march=x86-64']
  ignore line: [ /usr/lib/gcc/x86_64-linux-gnu/5/cc1plus -quiet -v -imultiarch x86_64-linux-gnu -D_GNU_SOURCE /root/Desktop/clion-2018.3.4/bin/cmake/linux/share/cmake-3.14/Modules/CMakeCXXCompilerABI.cpp -quiet -dumpbase CMakeCXXCompilerABI.cpp -mtune=generic -march=x86-64 -auxbase-strip CMakeFiles/cmTC_90633.dir/CMakeCXXCompilerABI.cpp.o -version -fstack-protector-strong -Wformat -Wformat-security -o /tmp/ccS048G7.s]
  ignore line: [GNU C++ (Ubuntu 5.5.0-12ubuntu1) version 5.5.0 20171010 (x86_64-linux-gnu)]
  ignore line: [	compiled by GNU C version 5.5.0 20171010, GMP version 6.1.2, MPFR version 4.0.1, MPC version 1.1.0]
  ignore line: [GGC heuristics: --param ggc-min-expand=100 --param ggc-min-heapsize=131072]
  ignore line: [ignoring duplicate directory "/usr/include/x86_64-linux-gnu/c++/5"]
  ignore line: [ignoring nonexistent directory "/usr/local/include/x86_64-linux-gnu"]
  ignore line: [ignoring nonexistent directory "/usr/lib/gcc/x86_64-linux-gnu/5/../../../../x86_64-linux-gnu/include"]
  ignore line: [#include "..." search starts here:]
  ignore line: [#include <...> search starts here:]
  ignore line: [ /usr/include/c++/5]
  ignore line: [ /usr/include/x86_64-linux-gnu/c++/5]
  ignore line: [ /usr/include/c++/5/backward]
  ignore line: [ /usr/lib/gcc/x86_64-linux-gnu/5/include]
  ignore line: [ /usr/local/include]
  ignore line: [ /usr/lib/gcc/x86_64-linux-gnu/5/include-fixed]
  ignore line: [ /usr/include/x86_64-linux-gnu]
  ignore line: [ /usr/include]
  ignore line: [End of search list.]
  ignore line: [GNU C++ (Ubuntu 5.5.0-12ubuntu1) version 5.5.0 20171010 (x86_64-linux-gnu)]
  ignore line: [	compiled by GNU C version 5.5.0 20171010, GMP version 6.1.2, MPFR version 4.0.1, MPC version 1.1.0]
  ignore line: [GGC heuristics: --param ggc-min-expand=100 --param ggc-min-heapsize=131072]
  ignore line: [Compiler executable checksum: 7502860693407ccc98d9842871193560]
  ignore line: [COLLECT_GCC_OPTIONS='-v' '-o' 'CMakeFiles/cmTC_90633.dir/CMakeCXXCompilerABI.cpp.o' '-c' '-shared-libgcc' '-mtune=generic' '-march=x86-64']
  ignore line: [ as -v --64 -o CMakeFiles/cmTC_90633.dir/CMakeCXXCompilerABI.cpp.o /tmp/ccS048G7.s]
  ignore line: [GNU assembler version 2.30 (x86_64-linux-gnu) using BFD version (GNU Binutils for Ubuntu) 2.30]
  ignore line: [COMPILER_PATH=/usr/lib/gcc/x86_64-linux-gnu/5/:/usr/lib/gcc/x86_64-linux-gnu/5/:/usr/lib/gcc/x86_64-linux-gnu/:/usr/lib/gcc/x86_64-linux-gnu/5/:/usr/lib/gcc/x86_64-linux-gnu/]
  ignore line: [LIBRARY_PATH=/usr/lib/gcc/x86_64-linux-gnu/5/:/usr/lib/gcc/x86_64-linux-gnu/5/../../../x86_64-linux-gnu/:/usr/lib/gcc/x86_64-linux-gnu/5/../../../../lib/:/lib/x86_64-linux-gnu/:/lib/../lib/:/usr/lib/x86_64-linux-gnu/:/usr/lib/../lib/:/usr/lib/gcc/x86_64-linux-gnu/5/../../../:/lib/:/usr/lib/]
  ignore line: [COLLECT_GCC_OPTIONS='-v' '-o' 'CMakeFiles/cmTC_90633.dir/CMakeCXXCompilerABI.cpp.o' '-c' '-shared-libgcc' '-mtune=generic' '-march=x86-64']
  ignore line: [Linking CXX executable cmTC_90633]
  ignore line: [/root/Desktop/clion-2018.3.4/bin/cmake/linux/bin/cmake -E cmake_link_script CMakeFiles/cmTC_90633.dir/link.txt --verbose=1]
  ignore line: [/usr/bin/c++      -v CMakeFiles/cmTC_90633.dir/CMakeCXXCompilerABI.cpp.o  -o cmTC_90633 ]
  ignore line: [Using built-in specs.]
  ignore line: [COLLECT_GCC=/usr/bin/c++]
  ignore line: [COLLECT_LTO_WRAPPER=/usr/lib/gcc/x86_64-linux-gnu/5/lto-wrapper]
  ignore line: [Target: x86_64-linux-gnu]
  ignore line: [Configured with: ../src/configure -v --with-pkgversion='Ubuntu 5.5.0-12ubuntu1' --with-bugurl=file:///usr/share/doc/gcc-5/README.Bugs --enable-languages=c,ada,c++,go,d,fortran,objc,obj-c++ --prefix=/usr --program-suffix=-5 --enable-shared --enable-linker-build-id --libexecdir=/usr/lib --without-included-gettext --enable-threads=posix --libdir=/usr/lib --enable-nls --with-sysroot=/ --enable-clocale=gnu --enable-libstdcxx-debug --enable-libstdcxx-time=yes --with-default-libstdcxx-abi=new --enable-gnu-unique-object --disable-vtable-verify --enable-libmpx --enable-plugin --enable-default-pie --with-system-zlib --enable-objc-gc --enable-multiarch --disable-werror --with-arch-32=i686 --with-abi=m64 --with-multilib-list=m32,m64,mx32 --enable-multilib --with-tune=generic --enable-checking=release --build=x86_64-linux-gnu --host=x86_64-linux-gnu --target=x86_64-linux-gnu]
  ignore line: [Thread model: posix]
  ignore line: [gcc version 5.5.0 20171010 (Ubuntu 5.5.0-12ubuntu1) ]
  ignore line: [COMPILER_PATH=/usr/lib/gcc/x86_64-linux-gnu/5/:/usr/lib/gcc/x86_64-linux-gnu/5/:/usr/lib/gcc/x86_64-linux-gnu/:/usr/lib/gcc/x86_64-linux-gnu/5/:/usr/lib/gcc/x86_64-linux-gnu/]
  ignore line: [LIBRARY_PATH=/usr/lib/gcc/x86_64-linux-gnu/5/:/usr/lib/gcc/x86_64-linux-gnu/5/../../../x86_64-linux-gnu/:/usr/lib/gcc/x86_64-linux-gnu/5/../../../../lib/:/lib/x86_64-linux-gnu/:/lib/../lib/:/usr/lib/x86_64-linux-gnu/:/usr/lib/../lib/:/usr/lib/gcc/x86_64-linux-gnu/5/../../../:/lib/:/usr/lib/]
  ignore line: [COLLECT_GCC_OPTIONS='-v' '-o' 'cmTC_90633' '-shared-libgcc' '-mtune=generic' '-march=x86-64']
  link line: [ /usr/lib/gcc/x86_64-linux-gnu/5/collect2 -plugin /usr/lib/gcc/x86_64-linux-gnu/5/liblto_plugin.so -plugin-opt=/usr/lib/gcc/x86_64-linux-gnu/5/lto-wrapper -plugin-opt=-fresolution=/tmp/ccrsuL9b.res -plugin-opt=-pass-through=-lgcc_s -plugin-opt=-pass-through=-lgcc -plugin-opt=-pass-through=-lc -plugin-opt=-pass-through=-lgcc_s -plugin-opt=-pass-through=-lgcc --sysroot=/ --build-id --eh-frame-hdr -m elf_x86_64 --hash-style=gnu --as-needed -dynamic-linker /lib64/ld-linux-x86-64.so.2 -pie -z now -z relro -o cmTC_90633 /usr/lib/gcc/x86_64-linux-gnu/5/../../../x86_64-linux-gnu/Scrt1.o /usr/lib/gcc/x86_64-linux-gnu/5/../../../x86_64-linux-gnu/crti.o /usr/lib/gcc/x86_64-linux-gnu/5/crtbeginS.o -L/usr/lib/gcc/x86_64-linux-gnu/5 -L/usr/lib/gcc/x86_64-linux-gnu/5/../../../x86_64-linux-gnu -L/usr/lib/gcc/x86_64-linux-gnu/5/../../../../lib -L/lib/x86_64-linux-gnu -L/lib/../lib -L/usr/lib/x86_64-linux-gnu -L/usr/lib/../lib -L/usr/lib/gcc/x86_64-linux-gnu/5/../../.. CMakeFiles/cmTC_90633.dir/CMakeCXXCompilerABI.cpp.o -lstdc++ -lm -lgcc_s -lgcc -lc -lgcc_s -lgcc /usr/lib/gcc/x86_64-linux-gnu/5/crtend.o /usr/lib/gcc/x86_64-linux-gnu/5/../../../x86_64-linux-gnu/crtn.o]
    arg [/usr/lib/gcc/x86_64-linux-gnu/5/collect2] ==> ignore
    arg [-plugin] ==> ignore
    arg [/usr/lib/gcc/x86_64-linux-gnu/5/liblto_plugin.so] ==> ignore
    arg [-plugin-opt=/usr/lib/gcc/x86_64-linux-gnu/5/lto-wrapper] ==> ignore
    arg [-plugin-opt=-fresolution=/tmp/ccrsuL9b.res] ==> ignore
    arg [-plugin-opt=-pass-through=-lgcc_s] ==> ignore
    arg [-plugin-opt=-pass-through=-lgcc] ==> ignore
    arg [-plugin-opt=-pass-through=-lc] ==> ignore
    arg [-plugin-opt=-pass-through=-lgcc_s] ==> ignore
    arg [-plugin-opt=-pass-through=-lgcc] ==> ignore
    arg [--sysroot=/] ==> ignore
    arg [--build-id] ==> ignore
    arg [--eh-frame-hdr] ==> ignore
    arg [-m] ==> ignore
    arg [elf_x86_64] ==> ignore
    arg [--hash-style=gnu] ==> ignore
    arg [--as-needed] ==> ignore
    arg [-dynamic-linker] ==> ignore
    arg [/lib64/ld-linux-x86-64.so.2] ==> ignore
    arg [-pie] ==> ignore
    arg [-znow] ==> ignore
    arg [-zrelro] ==> ignore
    arg [-o] ==> ignore
    arg [cmTC_90633] ==> ignore
    arg [/usr/lib/gcc/x86_64-linux-gnu/5/../../../x86_64-linux-gnu/Scrt1.o] ==> ignore
    arg [/usr/lib/gcc/x86_64-linux-gnu/5/../../../x86_64-linux-gnu/crti.o] ==> ignore
    arg [/usr/lib/gcc/x86_64-linux-gnu/5/crtbeginS.o] ==> ignore
    arg [-L/usr/lib/gcc/x86_64-linux-gnu/5] ==> dir [/usr/lib/gcc/x86_64-linux-gnu/5]
    arg [-L/usr/lib/gcc/x86_64-linux-gnu/5/../../../x86_64-linux-gnu] ==> dir [/usr/lib/gcc/x86_64-linux-gnu/5/../../../x86_64-linux-gnu]
    arg [-L/usr/lib/gcc/x86_64-linux-gnu/5/../../../../lib] ==> dir [/usr/lib/gcc/x86_64-linux-gnu/5/../../../../lib]
    arg [-L/lib/x86_64-linux-gnu] ==> dir [/lib/x86_64-linux-gnu]
    arg [-L/lib/../lib] ==> dir [/lib/../lib]
    arg [-L/usr/lib/x86_64-linux-gnu] ==> dir [/usr/lib/x86_64-linux-gnu]
    arg [-L/usr/lib/../lib] ==> dir [/usr/lib/../lib]
    arg [-L/usr/lib/gcc/x86_64-linux-gnu/5/../../..] ==> dir [/usr/lib/gcc/x86_64-linux-gnu/5/../../..]
    arg [CMakeFiles/cmTC_90633.dir/CMakeCXXCompilerABI.cpp.o] ==> ignore
    arg [-lstdc++] ==> lib [stdc++]
    arg [-lm] ==> lib [m]
    arg [-lgcc_s] ==> lib [gcc_s]
    arg [-lgcc] ==> lib [gcc]
    arg [-lc] ==> lib [c]
    arg [-lgcc_s] ==> lib [gcc_s]
    arg [-lgcc] ==> lib [gcc]
    arg [/usr/lib/gcc/x86_64-linux-gnu/5/crtend.o] ==> ignore
    arg [/usr/lib/gcc/x86_64-linux-gnu/5/../../../x86_64-linux-gnu/crtn.o] ==> ignore
  collapse library dir [/usr/lib/gcc/x86_64-linux-gnu/5] ==> [/usr/lib/gcc/x86_64-linux-gnu/5]
  collapse library dir [/usr/lib/gcc/x86_64-linux-gnu/5/../../../x86_64-linux-gnu] ==> [/usr/lib/x86_64-linux-gnu]
  collapse library dir [/usr/lib/gcc/x86_64-linux-gnu/5/../../../../lib] ==> [/usr/lib]
  collapse library dir [/lib/x86_64-linux-gnu] ==> [/lib/x86_64-linux-gnu]
  collapse library dir [/lib/../lib] ==> [/lib]
  collapse library dir [/usr/lib/x86_64-linux-gnu] ==> [/usr/lib/x86_64-linux-gnu]
  collapse library dir [/usr/lib/../lib] ==> [/usr/lib]
  collapse library dir [/usr/lib/gcc/x86_64-linux-gnu/5/../../..] ==> [/usr/lib]
  implicit libs: [stdc++;m;gcc_s;gcc;c;gcc_s;gcc]
  implicit dirs: [/usr/lib/gcc/x86_64-linux-gnu/5;/usr/lib/x86_64-linux-gnu;/usr/lib;/lib/x86_64-linux-gnu;/lib]
  implicit fwks: []




Detecting CXX [-std=c++1z] compiler features compiled with the following output:
Change Dir: /var/stratum/cmake-build-debug/CMakeFiles/CMakeTmp

Run Build Command(s):/usr/bin/make cmTC_bf2a6/fast 
/usr/bin/make -f CMakeFiles/cmTC_bf2a6.dir/build.make CMakeFiles/cmTC_bf2a6.dir/build
make[1]: Entering directory '/var/stratum/cmake-build-debug/CMakeFiles/CMakeTmp'
Building CXX object CMakeFiles/cmTC_bf2a6.dir/feature_tests.cxx.o
/usr/bin/c++    -std=c++1z -o CMakeFiles/cmTC_bf2a6.dir/feature_tests.cxx.o -c /var/stratum/cmake-build-debug/CMakeFiles/feature_tests.cxx
Linking CXX executable cmTC_bf2a6
/root/Desktop/clion-2018.3.4/bin/cmake/linux/bin/cmake -E cmake_link_script CMakeFiles/cmTC_bf2a6.dir/link.txt --verbose=1
/usr/bin/c++       CMakeFiles/cmTC_bf2a6.dir/feature_tests.cxx.o  -o cmTC_bf2a6 
make[1]: Leaving directory '/var/stratum/cmake-build-debug/CMakeFiles/CMakeTmp'


    Feature record: CXX_FEATURE:1cxx_aggregate_default_initializers
    Feature record: CXX_FEATURE:1cxx_alias_templates
    Feature record: CXX_FEATURE:1cxx_alignas
    Feature record: CXX_FEATURE:1cxx_alignof
    Feature record: CXX_FEATURE:1cxx_attributes
    Feature record: CXX_FEATURE:1cxx_attribute_deprecated
    Feature record: CXX_FEATURE:1cxx_auto_type
    Feature record: CXX_FEATURE:1cxx_binary_literals
    Feature record: CXX_FEATURE:1cxx_constexpr
    Feature record: CXX_FEATURE:1cxx_contextual_conversions
    Feature record: CXX_FEATURE:1cxx_decltype
    Feature record: CXX_FEATURE:1cxx_decltype_auto
    Feature record: CXX_FEATURE:1cxx_decltype_incomplete_return_types
    Feature record: CXX_FEATURE:1cxx_default_function_template_args
    Feature record: CXX_FEATURE:1cxx_defaulted_functions
    Feature record: CXX_FEATURE:1cxx_defaulted_move_initializers
    Feature record: CXX_FEATURE:1cxx_delegating_constructors
    Feature record: CXX_FEATURE:1cxx_deleted_functions
    Feature record: CXX_FEATURE:1cxx_digit_separators
    Feature record: CXX_FEATURE:1cxx_enum_forward_declarations
    Feature record: CXX_FEATURE:1cxx_explicit_conversions
    Feature record: CXX_FEATURE:1cxx_extended_friend_declarations
    Feature record: CXX_FEATURE:1cxx_extern_templates
    Feature record: CXX_FEATURE:1cxx_final
    Feature record: CXX_FEATURE:1cxx_func_identifier
    Feature record: CXX_FEATURE:1cxx_generalized_initializers
    Feature record: CXX_FEATURE:1cxx_generic_lambdas
    Feature record: CXX_FEATURE:1cxx_inheriting_constructors
    Feature record: CXX_FEATURE:1cxx_inline_namespaces
    Feature record: CXX_FEATURE:1cxx_lambdas
    Feature record: CXX_FEATURE:1cxx_lambda_init_captures
    Feature record: CXX_FEATURE:1cxx_local_type_template_args
    Feature record: CXX_FEATURE:1cxx_long_long_type
    Feature record: CXX_FEATURE:1cxx_noexcept
    Feature record: CXX_FEATURE:1cxx_nonstatic_member_init
    Feature record: CXX_FEATURE:1cxx_nullptr
    Feature record: CXX_FEATURE:1cxx_override
    Feature record: CXX_FEATURE:1cxx_range_for
    Feature record: CXX_FEATURE:1cxx_raw_string_literals
    Feature record: CXX_FEATURE:1cxx_reference_qualified_functions
    Feature record: CXX_FEATURE:1cxx_relaxed_constexpr
    Feature record: CXX_FEATURE:1cxx_return_type_deduction
    Feature record: CXX_FEATURE:1cxx_right_angle_brackets
    Feature record: CXX_FEATURE:1cxx_rvalue_references
    Feature record: CXX_FEATURE:1cxx_sizeof_member
    Feature record: CXX_FEATURE:1cxx_static_assert
    Feature record: CXX_FEATURE:1cxx_strong_enums
    Feature record: CXX_FEATURE:1cxx_template_template_parameters
    Feature record: CXX_FEATURE:1cxx_thread_local
    Feature record: CXX_FEATURE:1cxx_trailing_return_types
    Feature record: CXX_FEATURE:1cxx_unicode_literals
    Feature record: CXX_FEATURE:1cxx_uniform_initialization
    Feature record: CXX_FEATURE:1cxx_unrestricted_unions
    Feature record: CXX_FEATURE:1cxx_user_literals
    Feature record: CXX_FEATURE:1cxx_variable_templates
    Feature record: CXX_FEATURE:1cxx_variadic_macros
    Feature record: CXX_FEATURE:1cxx_variadic_templates


Detecting CXX [-std=c++14] compiler features compiled with the following output:
Change Dir: /var/stratum/cmake-build-debug/CMakeFiles/CMakeTmp

Run Build Command(s):/usr/bin/make cmTC_e64ae/fast 
/usr/bin/make -f CMakeFiles/cmTC_e64ae.dir/build.make CMakeFiles/cmTC_e64ae.dir/build
make[1]: Entering directory '/var/stratum/cmake-build-debug/CMakeFiles/CMakeTmp'
Building CXX object CMakeFiles/cmTC_e64ae.dir/feature_tests.cxx.o
/usr/bin/c++    -std=c++14 -o CMakeFiles/cmTC_e64ae.dir/feature_tests.cxx.o -c /var/stratum/cmake-build-debug/CMakeFiles/feature_tests.cxx
Linking CXX executable cmTC_e64ae
/root/Desktop/clion-2018.3.4/bin/cmake/linux/bin/cmake -E cmake_link_script CMakeFiles/cmTC_e64ae.dir/link.txt --verbose=1
/usr/bin/c++       CMakeFiles/cmTC_e64ae.dir/feature_tests.cxx.o  -o cmTC_e64ae 
make[1]: Leaving directory '/var/stratum/cmake-build-debug/CMakeFiles/CMakeTmp'


    Feature record: CXX_FEATURE:1cxx_aggregate_default_initializers
    Feature record: CXX_FEATURE:1cxx_alias_templates
    Feature record: CXX_FEATURE:1cxx_alignas
    Feature record: CXX_FEATURE:1cxx_alignof
    Feature record: CXX_FEATURE:1cxx_attributes
    Feature record: CXX_FEATURE:1cxx_attribute_deprecated
    Feature record: CXX_FEATURE:1cxx_auto_type
    Feature record: CXX_FEATURE:1cxx_binary_literals
    Feature record: CXX_FEATURE:1cxx_constexpr
    Feature record: CXX_FEATURE:1cxx_contextual_conversions
    Feature record: CXX_FEATURE:1cxx_decltype
    Feature record: CXX_FEATURE:1cxx_decltype_auto
    Feature record: CXX_FEATURE:1cxx_decltype_incomplete_return_types
    Feature record: CXX_FEATURE:1cxx_default_function_template_args
    Feature record: CXX_FEATURE:1cxx_defaulted_functions
    Feature record: CXX_FEATURE:1cxx_defaulted_move_initializers
    Feature record: CXX_FEATURE:1cxx_delegating_constructors
    Feature record: CXX_FEATURE:1cxx_deleted_functions
    Feature record: CXX_FEATURE:1cxx_digit_separators
    Feature record: CXX_FEATURE:1cxx_enum_forward_declarations
    Feature record: CXX_FEATURE:1cxx_explicit_conversions
    Feature record: CXX_FEATURE:1cxx_extended_friend_declarations
    Feature record: CXX_FEATURE:1cxx_extern_templates
    Feature record: CXX_FEATURE:1cxx_final
    Feature record: CXX_FEATURE:1cxx_func_identifier
    Feature record: CXX_FEATURE:1cxx_generalized_initializers
    Feature record: CXX_FEATURE:1cxx_generic_lambdas
    Feature record: CXX_FEATURE:1cxx_inheriting_constructors
    Feature record: CXX_FEATURE:1cxx_inline_namespaces
    Feature record: CXX_FEATURE:1cxx_lambdas
    Feature record: CXX_FEATURE:1cxx_lambda_init_captures
    Feature record: CXX_FEATURE:1cxx_local_type_template_args
    Feature record: CXX_FEATURE:1cxx_long_long_type
    Feature record: CXX_FEATURE:1cxx_noexcept
    Feature record: CXX_FEATURE:1cxx_nonstatic_member_init
    Feature record: CXX_FEATURE:1cxx_nullptr
    Feature record: CXX_FEATURE:1cxx_override
    Feature record: CXX_FEATURE:1cxx_range_for
    Feature record: CXX_FEATURE:1cxx_raw_string_literals
    Feature record: CXX_FEATURE:1cxx_reference_qualified_functions
    Feature record: CXX_FEATURE:1cxx_relaxed_constexpr
    Feature record: CXX_FEATURE:1cxx_return_type_deduction
    Feature record: CXX_FEATURE:1cxx_right_angle_brackets
    Feature record: CXX_FEATURE:1cxx_rvalue_references
    Feature record: CXX_FEATURE:1cxx_sizeof_member
    Feature record: CXX_FEATURE:1cxx_static_assert
    Feature record: CXX_FEATURE:1cxx_strong_enums
    Feature record: CXX_FEATURE:1cxx_template_template_parameters
    Feature record: CXX_FEATURE:1cxx_thread_local
    Feature record: CXX_FEATURE:1cxx_trailing_return_types
    Feature record: CXX_FEATURE:1cxx_unicode_literals
    Feature record: CXX_FEATURE:1cxx_uniform_initialization
    Feature record: CXX_FEATURE:1cxx_unrestricted_unions
    Feature record: CXX_FEATURE:1cxx_user_literals
    Feature record: CXX_FEATURE:1cxx_variable_templates
    Feature record: CXX_FEATURE:1cxx_variadic_macros
    Feature record: CXX_FEATURE:1cxx_variadic_templates


Detecting CXX [-std=c++11] compiler features compiled with the following output:
Change Dir: /var/stratum/cmake-build-debug/CMakeFiles/CMakeTmp

Run Build Command(s):/usr/bin/make cmTC_7442d/fast 
/usr/bin/make -f CMakeFiles/cmTC_7442d.dir/build.make CMakeFiles/cmTC_7442d.dir/build
make[1]: Entering directory '/var/stratum/cmake-build-debug/CMakeFiles/CMakeTmp'
Building CXX object CMakeFiles/cmTC_7442d.dir/feature_tests.cxx.o
/usr/bin/c++    -std=c++11 -o CMakeFiles/cmTC_7442d.dir/feature_tests.cxx.o -c /var/stratum/cmake-build-debug/CMakeFiles/feature_tests.cxx
Linking CXX executable cmTC_7442d
/root/Desktop/clion-2018.3.4/bin/cmake/linux/bin/cmake -E cmake_link_script CMakeFiles/cmTC_7442d.dir/link.txt --verbose=1
/usr/bin/c++       CMakeFiles/cmTC_7442d.dir/feature_tests.cxx.o  -o cmTC_7442d 
make[1]: Leaving directory '/var/stratum/cmake-build-debug/CMakeFiles/CMakeTmp'


    Feature record: CXX_FEATURE:0cxx_aggregate_default_initializers
    Feature record: CXX_FEATURE:1cxx_alias_templates
    Feature record: CXX_FEATURE:1cxx_alignas
    Feature record: CXX_FEATURE:1cxx_alignof
    Feature record: CXX_FEATURE:1cxx_attributes
    Feature record: CXX_FEATURE:0cxx_attribute_deprecated
    Feature record: CXX_FEATURE:1cxx_auto_type
    Feature record: CXX_FEATURE:0cxx_binary_literals
    Feature record: CXX_FEATURE:1cxx_constexpr
    Feature record: CXX_FEATURE:0cxx_contextual_conversions
    Feature record: CXX_FEATURE:1cxx_decltype
    Feature record: CXX_FEATURE:0cxx_decltype_auto
    Feature record: CXX_FEATURE:1cxx_decltype_incomplete_return_types
    Feature record: CXX_FEATURE:1cxx_default_function_template_args
    Feature record: CXX_FEATURE:1cxx_defaulted_functions
    Feature record: CXX_FEATURE:1cxx_defaulted_move_initializers
    Feature record: CXX_FEATURE:1cxx_delegating_constructors
    Feature record: CXX_FEATURE:1cxx_deleted_functions
    Feature record: CXX_FEATURE:0cxx_digit_separators
    Feature record: CXX_FEATURE:1cxx_enum_forward_declarations
    Feature record: CXX_FEATURE:1cxx_explicit_conversions
    Feature record: CXX_FEATURE:1cxx_extended_friend_declarations
    Feature record: CXX_FEATURE:1cxx_extern_templates
    Feature record: CXX_FEATURE:1cxx_final
    Feature record: CXX_FEATURE:1cxx_func_identifier
    Feature record: CXX_FEATURE:1cxx_generalized_initializers
    Feature record: CXX_FEATURE:0cxx_generic_lambdas
    Feature record: CXX_FEATURE:1cxx_inheriting_constructors
    Feature record: CXX_FEATURE:1cxx_inline_namespaces
    Feature record: CXX_FEATURE:1cxx_lambdas
    Feature record: CXX_FEATURE:0cxx_lambda_init_captures
    Feature record: CXX_FEATURE:1cxx_local_type_template_args
    Feature record: CXX_FEATURE:1cxx_long_long_type
    Feature record: CXX_FEATURE:1cxx_noexcept
    Feature record: CXX_FEATURE:1cxx_nonstatic_member_init
    Feature record: CXX_FEATURE:1cxx_nullptr
    Feature record: CXX_FEATURE:1cxx_override
    Feature record: CXX_FEATURE:1cxx_range_for
    Feature record: CXX_FEATURE:1cxx_raw_string_literals
    Feature record: CXX_FEATURE:1cxx_reference_qualified_functions
    Feature record: CXX_FEATURE:0cxx_relaxed_constexpr
    Feature record: CXX_FEATURE:0cxx_return_type_deduction
    Feature record: CXX_FEATURE:1cxx_right_angle_brackets
    Feature record: CXX_FEATURE:1cxx_rvalue_references
    Feature record: CXX_FEATURE:1cxx_sizeof_member
    Feature record: CXX_FEATURE:1cxx_static_assert
    Feature record: CXX_FEATURE:1cxx_strong_enums
    Feature record: CXX_FEATURE:1cxx_template_template_parameters
    Feature record: CXX_FEATURE:1cxx_thread_local
    Feature record: CXX_FEATURE:1cxx_trailing_return_types
    Feature record: CXX_FEATURE:1cxx_unicode_literals
    Feature record: CXX_FEATURE:1cxx_uniform_initialization
    Feature record: CXX_FEATURE:1cxx_unrestricted_unions
    Feature record: CXX_FEATURE:1cxx_user_literals
    Feature record: CXX_FEATURE:0cxx_variable_templates
    Feature record: CXX_FEATURE:1cxx_variadic_macros
    Feature record: CXX_FEATURE:1cxx_variadic_templates


Detecting CXX [-std=c++98] compiler features compiled with the following output:
Change Dir: /var/stratum/cmake-build-debug/CMakeFiles/CMakeTmp

Run Build Command(s):/usr/bin/make cmTC_7805b/fast 
/usr/bin/make -f CMakeFiles/cmTC_7805b.dir/build.make CMakeFiles/cmTC_7805b.dir/build
make[1]: Entering directory '/var/stratum/cmake-build-debug/CMakeFiles/CMakeTmp'
Building CXX object CMakeFiles/cmTC_7805b.dir/feature_tests.cxx.o
/usr/bin/c++    -std=c++98 -o CMakeFiles/cmTC_7805b.dir/feature_tests.cxx.o -c /var/stratum/cmake-build-debug/CMakeFiles/feature_tests.cxx
Linking CXX executable cmTC_7805b
/root/Desktop/clion-2018.3.4/bin/cmake/linux/bin/cmake -E cmake_link_script CMakeFiles/cmTC_7805b.dir/link.txt --verbose=1
/usr/bin/c++       CMakeFiles/cmTC_7805b.dir/feature_tests.cxx.o  -o cmTC_7805b 
make[1]: Leaving directory '/var/stratum/cmake-build-debug/CMakeFiles/CMakeTmp'


    Feature record: CXX_FEATURE:0cxx_aggregate_default_initializers
    Feature record: CXX_FEATURE:0cxx_alias_templates
    Feature record: CXX_FEATURE:0cxx_alignas
    Feature record: CXX_FEATURE:0cxx_alignof
    Feature record: CXX_FEATURE:0cxx_attributes
    Feature record: CXX_FEATURE:0cxx_attribute_deprecated
    Feature record: CXX_FEATURE:0cxx_auto_type
    Feature record: CXX_FEATURE:0cxx_binary_literals
    Feature record: CXX_FEATURE:0cxx_constexpr
    Feature record: CXX_FEATURE:0cxx_contextual_conversions
    Feature record: CXX_FEATURE:0cxx_decltype
    Feature record: CXX_FEATURE:0cxx_decltype_auto
    Feature record: CXX_FEATURE:0cxx_decltype_incomplete_return_types
    Feature record: CXX_FEATURE:0cxx_default_function_template_args
    Feature record: CXX_FEATURE:0cxx_defaulted_functions
    Feature record: CXX_FEATURE:0cxx_defaulted_move_initializers
    Feature record: CXX_FEATURE:0cxx_delegating_constructors
    Feature record: CXX_FEATURE:0cxx_deleted_functions
    Feature record: CXX_FEATURE:0cxx_digit_separators
    Feature record: CXX_FEATURE:0cxx_enum_forward_declarations
    Feature record: CXX_FEATURE:0cxx_explicit_conversions
    Feature record: CXX_FEATURE:0cxx_extended_friend_declarations
    Feature record: CXX_FEATURE:0cxx_extern_templates
    Feature record: CXX_FEATURE:0cxx_final
    Feature record: CXX_FEATURE:0cxx_func_identifier
    Feature record: CXX_FEATURE:0cxx_generalized_initializers
    Feature record: CXX_FEATURE:0cxx_generic_lambdas
    Feature record: CXX_FEATURE:0cxx_inheriting_constructors
    Feature record: CXX_FEATURE:0cxx_inline_namespaces
    Feature record: CXX_FEATURE:0cxx_lambdas
    Feature record: CXX_FEATURE:0cxx_lambda_init_captures
    Feature record: CXX_FEATURE:0cxx_local_type_template_args
    Feature record: CXX_FEATURE:0cxx_long_long_type
    Feature record: CXX_FEATURE:0cxx_noexcept
    Feature record: CXX_FEATURE:0cxx_nonstatic_member_init
    Feature record: CXX_FEATURE:0cxx_nullptr
    Feature record: CXX_FEATURE:0cxx_override
    Feature record: CXX_FEATURE:0cxx_range_for
    Feature record: CXX_FEATURE:0cxx_raw_string_literals
    Feature record: CXX_FEATURE:0cxx_reference_qualified_functions
    Feature record: CXX_FEATURE:0cxx_relaxed_constexpr
    Feature record: CXX_FEATURE:0cxx_return_type_deduction
    Feature record: CXX_FEATURE:0cxx_right_angle_brackets
    Feature record: CXX_FEATURE:0cxx_rvalue_references
    Feature record: CXX_FEATURE:0cxx_sizeof_member
    Feature record: CXX_FEATURE:0cxx_static_assert
    Feature record: CXX_FEATURE:0cxx_strong_enums
    Feature record: CXX_FEATURE:1cxx_template_template_parameters
    Feature record: CXX_FEATURE:0cxx_thread_local
    Feature record: CXX_FEATURE:0cxx_trailing_return_types
    Feature record: CXX_FEATURE:0cxx_unicode_literals
    Feature record: CXX_FEATURE:0cxx_uniform_initialization
    Feature record: CXX_FEATURE:0cxx_unrestricted_unions
    Feature record: CXX_FEATURE:0cxx_user_literals
    Feature record: CXX_FEATURE:0cxx_variable_templates
    Feature record: CXX_FEATURE:0cxx_variadic_macros
    Feature record: CXX_FEATURE:0cxx_variadic_templates
The system is: Linux - 4.15.0-51-generic - x86_64
Compiling the C compiler identification source file "CMakeCCompilerId.c" succeeded.
Compiler: /usr/bin/cc 
Build flags: 
Id flags:  

The output was:
0


Compilation of the C compiler identification source "CMakeCCompilerId.c" produced "a.out"

The C compiler identification is GNU, found in "/var/stratum/cmake-build-debug/CMakeFiles/3.14.3/CompilerIdC/a.out"

Compiling the CXX compiler identification source file "CMakeCXXCompilerId.cpp" succeeded.
Compiler: /usr/bin/c++ 
Build flags: 
Id flags:  

The output was:
0


Compilation of the CXX compiler identification source "CMakeCXXCompilerId.cpp" produced "a.out"

The CXX compiler identification is GNU, found in "/var/stratum/cmake-build-debug/CMakeFiles/3.14.3/CompilerIdCXX/a.out"

Determining if the C compiler works passed with the following output:
Change Dir: /var/stratum/cmake-build-debug/CMakeFiles/CMakeTmp

Run Build Command(s):/usr/bin/make cmTC_939c8/fast 
/usr/bin/make -f CMakeFiles/cmTC_939c8.dir/build.make CMakeFiles/cmTC_939c8.dir/build
make[1]: Entering directory '/var/stratum/cmake-build-debug/CMakeFiles/CMakeTmp'
Building C object CMakeFiles/cmTC_939c8.dir/testCCompiler.c.o
/usr/bin/cc    -o CMakeFiles/cmTC_939c8.dir/testCCompiler.c.o   -c /var/stratum/cmake-build-debug/CMakeFiles/CMakeTmp/testCCompiler.c
Linking C executable cmTC_939c8
/root/Downloads/clion-2019.1.4/bin/cmake/linux/bin/cmake -E cmake_link_script CMakeFiles/cmTC_939c8.dir/link.txt --verbose=1
/usr/bin/cc      CMakeFiles/cmTC_939c8.dir/testCCompiler.c.o  -o cmTC_939c8 
make[1]: Leaving directory '/var/stratum/cmake-build-debug/CMakeFiles/CMakeTmp'


Detecting C compiler ABI info compiled with the following output:
Change Dir: /var/stratum/cmake-build-debug/CMakeFiles/CMakeTmp

Run Build Command(s):/usr/bin/make cmTC_5d5af/fast 
/usr/bin/make -f CMakeFiles/cmTC_5d5af.dir/build.make CMakeFiles/cmTC_5d5af.dir/build
make[1]: Entering directory '/var/stratum/cmake-build-debug/CMakeFiles/CMakeTmp'
Building C object CMakeFiles/cmTC_5d5af.dir/CMakeCCompilerABI.c.o
/usr/bin/cc   -v -o CMakeFiles/cmTC_5d5af.dir/CMakeCCompilerABI.c.o   -c /root/Downloads/clion-2019.1.4/bin/cmake/linux/share/cmake-3.14/Modules/CMakeCCompilerABI.c
Using built-in specs.
COLLECT_GCC=/usr/bin/cc
Target: x86_64-linux-gnu
Configured with: ../src/configure -v --with-pkgversion='Ubuntu 5.5.0-12ubuntu1' --with-bugurl=file:///usr/share/doc/gcc-5/README.Bugs --enable-languages=c,ada,c++,go,d,fortran,objc,obj-c++ --prefix=/usr --program-suffix=-5 --enable-shared --enable-linker-build-id --libexecdir=/usr/lib --without-included-gettext --enable-threads=posix --libdir=/usr/lib --enable-nls --with-sysroot=/ --enable-clocale=gnu --enable-libstdcxx-debug --enable-libstdcxx-time=yes --with-default-libstdcxx-abi=new --enable-gnu-unique-object --disable-vtable-verify --enable-libmpx --enable-plugin --enable-default-pie --with-system-zlib --enable-objc-gc --enable-multiarch --disable-werror --with-arch-32=i686 --with-abi=m64 --with-multilib-list=m32,m64,mx32 --enable-multilib --with-tune=generic --enable-checking=release --build=x86_64-linux-gnu --host=x86_64-linux-gnu --target=x86_64-linux-gnu
Thread model: posix
gcc version 5.5.0 20171010 (Ubuntu 5.5.0-12ubuntu1) 
COLLECT_GCC_OPTIONS='-v' '-o' 'CMakeFiles/cmTC_5d5af.dir/CMakeCCompilerABI.c.o' '-c' '-mtune=generic' '-march=x86-64'
 /usr/lib/gcc/x86_64-linux-gnu/5/cc1 -quiet -v -imultiarch x86_64-linux-gnu /root/Downloads/clion-2019.1.4/bin/cmake/linux/share/cmake-3.14/Modules/CMakeCCompilerABI.c -quiet -dumpbase CMakeCCompilerABI.c -mtune=generic -march=x86-64 -auxbase-strip CMakeFiles/cmTC_5d5af.dir/CMakeCCompilerABI.c.o -version -fstack-protector-strong -Wformat -Wformat-security -o /tmp/ccpX9Ele.s
GNU C11 (Ubuntu 5.5.0-12ubuntu1) version 5.5.0 20171010 (x86_64-linux-gnu)
	compiled by GNU C version 5.5.0 20171010, GMP version 6.1.2, MPFR version 4.0.1, MPC version 1.1.0
GGC heuristics: --param ggc-min-expand=100 --param ggc-min-heapsize=131072
ignoring nonexistent directory "/usr/local/include/x86_64-linux-gnu"
ignoring nonexistent directory "/usr/lib/gcc/x86_64-linux-gnu/5/../../../../x86_64-linux-gnu/include"
#include "..." search starts here:
#include <...> search starts here:
 /usr/lib/gcc/x86_64-linux-gnu/5/include
 /usr/local/include
 /usr/lib/gcc/x86_64-linux-gnu/5/include-fixed
 /usr/include/x86_64-linux-gnu
 /usr/include
End of search list.
GNU C11 (Ubuntu 5.5.0-12ubuntu1) version 5.5.0 20171010 (x86_64-linux-gnu)
	compiled by GNU C version 5.5.0 20171010, GMP version 6.1.2, MPFR version 4.0.1, MPC version 1.1.0
GGC heuristics: --param ggc-min-expand=100 --param ggc-min-heapsize=131072
Compiler executable checksum: 01e8a6319f5844c2da00558c5054f341
COLLECT_GCC_OPTIONS='-v' '-o' 'CMakeFiles/cmTC_5d5af.dir/CMakeCCompilerABI.c.o' '-c' '-mtune=generic' '-march=x86-64'
 as -v --64 -o CMakeFiles/cmTC_5d5af.dir/CMakeCCompilerABI.c.o /tmp/ccpX9Ele.s
GNU assembler version 2.30 (x86_64-linux-gnu) using BFD version (GNU Binutils for Ubuntu) 2.30
COMPILER_PATH=/usr/lib/gcc/x86_64-linux-gnu/5/:/usr/lib/gcc/x86_64-linux-gnu/5/:/usr/lib/gcc/x86_64-linux-gnu/:/usr/lib/gcc/x86_64-linux-gnu/5/:/usr/lib/gcc/x86_64-linux-gnu/
LIBRARY_PATH=/usr/lib/gcc/x86_64-linux-gnu/5/:/usr/lib/gcc/x86_64-linux-gnu/5/../../../x86_64-linux-gnu/:/usr/lib/gcc/x86_64-linux-gnu/5/../../../../lib/:/lib/x86_64-linux-gnu/:/lib/../lib/:/usr/lib/x86_64-linux-gnu/:/usr/lib/../lib/:/usr/lib/gcc/x86_64-linux-gnu/5/../../../:/lib/:/usr/lib/
COLLECT_GCC_OPTIONS='-v' '-o' 'CMakeFiles/cmTC_5d5af.dir/CMakeCCompilerABI.c.o' '-c' '-mtune=generic' '-march=x86-64'
Linking C executable cmTC_5d5af
/root/Downloads/clion-2019.1.4/bin/cmake/linux/bin/cmake -E cmake_link_script CMakeFiles/cmTC_5d5af.dir/link.txt --verbose=1
/usr/bin/cc     -v CMakeFiles/cmTC_5d5af.dir/CMakeCCompilerABI.c.o  -o cmTC_5d5af 
Using built-in specs.
COLLECT_GCC=/usr/bin/cc
COLLECT_LTO_WRAPPER=/usr/lib/gcc/x86_64-linux-gnu/5/lto-wrapper
Target: x86_64-linux-gnu
Configured with: ../src/configure -v --with-pkgversion='Ubuntu 5.5.0-12ubuntu1' --with-bugurl=file:///usr/share/doc/gcc-5/README.Bugs --enable-languages=c,ada,c++,go,d,fortran,objc,obj-c++ --prefix=/usr --program-suffix=-5 --enable-shared --enable-linker-build-id --libexecdir=/usr/lib --without-included-gettext --enable-threads=posix --libdir=/usr/lib --enable-nls --with-sysroot=/ --enable-clocale=gnu --enable-libstdcxx-debug --enable-libstdcxx-time=yes --with-default-libstdcxx-abi=new --enable-gnu-unique-object --disable-vtable-verify --enable-libmpx --enable-plugin --enable-default-pie --with-system-zlib --enable-objc-gc --enable-multiarch --disable-werror --with-arch-32=i686 --with-abi=m64 --with-multilib-list=m32,m64,mx32 --enable-multilib --with-tune=generic --enable-checking=release --build=x86_64-linux-gnu --host=x86_64-linux-gnu --target=x86_64-linux-gnu
Thread model: posix
gcc version 5.5.0 20171010 (Ubuntu 5.5.0-12ubuntu1) 
COMPILER_PATH=/usr/lib/gcc/x86_64-linux-gnu/5/:/usr/lib/gcc/x86_64-linux-gnu/5/:/usr/lib/gcc/x86_64-linux-gnu/:/usr/lib/gcc/x86_64-linux-gnu/5/:/usr/lib/gcc/x86_64-linux-gnu/
LIBRARY_PATH=/usr/lib/gcc/x86_64-linux-gnu/5/:/usr/lib/gcc/x86_64-linux-gnu/5/../../../x86_64-linux-gnu/:/usr/lib/gcc/x86_64-linux-gnu/5/../../../../lib/:/lib/x86_64-linux-gnu/:/lib/../lib/:/usr/lib/x86_64-linux-gnu/:/usr/lib/../lib/:/usr/lib/gcc/x86_64-linux-gnu/5/../../../:/lib/:/usr/lib/
COLLECT_GCC_OPTIONS='-v' '-o' 'cmTC_5d5af' '-mtune=generic' '-march=x86-64'
 /usr/lib/gcc/x86_64-linux-gnu/5/collect2 -plugin /usr/lib/gcc/x86_64-linux-gnu/5/liblto_plugin.so -plugin-opt=/usr/lib/gcc/x86_64-linux-gnu/5/lto-wrapper -plugin-opt=-fresolution=/tmp/ccKCb8jg.res -plugin-opt=-pass-through=-lgcc -plugin-opt=-pass-through=-lgcc_s -plugin-opt=-pass-through=-lc -plugin-opt=-pass-through=-lgcc -plugin-opt=-pass-through=-lgcc_s --sysroot=/ --build-id --eh-frame-hdr -m elf_x86_64 --hash-style=gnu --as-needed -dynamic-linker /lib64/ld-linux-x86-64.so.2 -pie -z now -z relro -o cmTC_5d5af /usr/lib/gcc/x86_64-linux-gnu/5/../../../x86_64-linux-gnu/Scrt1.o /usr/lib/gcc/x86_64-linux-gnu/5/../../../x86_64-linux-gnu/crti.o /usr/lib/gcc/x86_64-linux-gnu/5/crtbeginS.o -L/usr/lib/gcc/x86_64-linux-gnu/5 -L/usr/lib/gcc/x86_64-linux-gnu/5/../../../x86_64-linux-gnu -L/usr/lib/gcc/x86_64-linux-gnu/5/../../../../lib -L/lib/x86_64-linux-gnu -L/lib/../lib -L/usr/lib/x86_64-linux-gnu -L/usr/lib/../lib -L/usr/lib/gcc/x86_64-linux-gnu/5/../../.. CMakeFiles/cmTC_5d5af.dir/CMakeCCompilerABI.c.o -lgcc --push-state --as-needed -lgcc_s --pop-state -lc -lgcc --push-state --as-needed -lgcc_s --pop-state /usr/lib/gcc/x86_64-linux-gnu/5/crtend.o /usr/lib/gcc/x86_64-linux-gnu/5/../../../x86_64-linux-gnu/crtn.o
make[1]: Leaving directory '/var/stratum/cmake-build-debug/CMakeFiles/CMakeTmp'


Parsed C implicit include dir info from above output: rv=done
  found start of include info
  found start of implicit include info
    add: [/usr/lib/gcc/x86_64-linux-gnu/5/include]
    add: [/usr/local/include]
    add: [/usr/lib/gcc/x86_64-linux-gnu/5/include-fixed]
    add: [/usr/include/x86_64-linux-gnu]
    add: [/usr/include]
  end of search list found
  collapse include dir [/usr/lib/gcc/x86_64-linux-gnu/5/include] ==> [/usr/lib/gcc/x86_64-linux-gnu/5/include]
  collapse include dir [/usr/local/include] ==> [/usr/local/include]
  collapse include dir [/usr/lib/gcc/x86_64-linux-gnu/5/include-fixed] ==> [/usr/lib/gcc/x86_64-linux-gnu/5/include-fixed]
  collapse include dir [/usr/include/x86_64-linux-gnu] ==> [/usr/include/x86_64-linux-gnu]
  collapse include dir [/usr/include] ==> [/usr/include]
  implicit include dirs: [/usr/lib/gcc/x86_64-linux-gnu/5/include;/usr/local/include;/usr/lib/gcc/x86_64-linux-gnu/5/include-fixed;/usr/include/x86_64-linux-gnu;/usr/include]


Parsed C implicit link information from above output:
  link line regex: [^( *|.*[/\])(ld|CMAKE_LINK_STARTFILE-NOTFOUND|([^/\]+-)?ld|collect2)[^/\]*( |$)]
  ignore line: [Change Dir: /var/stratum/cmake-build-debug/CMakeFiles/CMakeTmp]
  ignore line: []
  ignore line: [Run Build Command(s):/usr/bin/make cmTC_5d5af/fast ]
  ignore line: [/usr/bin/make -f CMakeFiles/cmTC_5d5af.dir/build.make CMakeFiles/cmTC_5d5af.dir/build]
  ignore line: [make[1]: Entering directory '/var/stratum/cmake-build-debug/CMakeFiles/CMakeTmp']
  ignore line: [Building C object CMakeFiles/cmTC_5d5af.dir/CMakeCCompilerABI.c.o]
  ignore line: [/usr/bin/cc   -v -o CMakeFiles/cmTC_5d5af.dir/CMakeCCompilerABI.c.o   -c /root/Downloads/clion-2019.1.4/bin/cmake/linux/share/cmake-3.14/Modules/CMakeCCompilerABI.c]
  ignore line: [Using built-in specs.]
  ignore line: [COLLECT_GCC=/usr/bin/cc]
  ignore line: [Target: x86_64-linux-gnu]
  ignore line: [Configured with: ../src/configure -v --with-pkgversion='Ubuntu 5.5.0-12ubuntu1' --with-bugurl=file:///usr/share/doc/gcc-5/README.Bugs --enable-languages=c,ada,c++,go,d,fortran,objc,obj-c++ --prefix=/usr --program-suffix=-5 --enable-shared --enable-linker-build-id --libexecdir=/usr/lib --without-included-gettext --enable-threads=posix --libdir=/usr/lib --enable-nls --with-sysroot=/ --enable-clocale=gnu --enable-libstdcxx-debug --enable-libstdcxx-time=yes --with-default-libstdcxx-abi=new --enable-gnu-unique-object --disable-vtable-verify --enable-libmpx --enable-plugin --enable-default-pie --with-system-zlib --enable-objc-gc --enable-multiarch --disable-werror --with-arch-32=i686 --with-abi=m64 --with-multilib-list=m32,m64,mx32 --enable-multilib --with-tune=generic --enable-checking=release --build=x86_64-linux-gnu --host=x86_64-linux-gnu --target=x86_64-linux-gnu]
  ignore line: [Thread model: posix]
  ignore line: [gcc version 5.5.0 20171010 (Ubuntu 5.5.0-12ubuntu1) ]
  ignore line: [COLLECT_GCC_OPTIONS='-v' '-o' 'CMakeFiles/cmTC_5d5af.dir/CMakeCCompilerABI.c.o' '-c' '-mtune=generic' '-march=x86-64']
  ignore line: [ /usr/lib/gcc/x86_64-linux-gnu/5/cc1 -quiet -v -imultiarch x86_64-linux-gnu /root/Downloads/clion-2019.1.4/bin/cmake/linux/share/cmake-3.14/Modules/CMakeCCompilerABI.c -quiet -dumpbase CMakeCCompilerABI.c -mtune=generic -march=x86-64 -auxbase-strip CMakeFiles/cmTC_5d5af.dir/CMakeCCompilerABI.c.o -version -fstack-protector-strong -Wformat -Wformat-security -o /tmp/ccpX9Ele.s]
  ignore line: [GNU C11 (Ubuntu 5.5.0-12ubuntu1) version 5.5.0 20171010 (x86_64-linux-gnu)]
  ignore line: [	compiled by GNU C version 5.5.0 20171010, GMP version 6.1.2, MPFR version 4.0.1, MPC version 1.1.0]
  ignore line: [GGC heuristics: --param ggc-min-expand=100 --param ggc-min-heapsize=131072]
  ignore line: [ignoring nonexistent directory "/usr/local/include/x86_64-linux-gnu"]
  ignore line: [ignoring nonexistent directory "/usr/lib/gcc/x86_64-linux-gnu/5/../../../../x86_64-linux-gnu/include"]
  ignore line: [#include "..." search starts here:]
  ignore line: [#include <...> search starts here:]
  ignore line: [ /usr/lib/gcc/x86_64-linux-gnu/5/include]
  ignore line: [ /usr/local/include]
  ignore line: [ /usr/lib/gcc/x86_64-linux-gnu/5/include-fixed]
  ignore line: [ /usr/include/x86_64-linux-gnu]
  ignore line: [ /usr/include]
  ignore line: [End of search list.]
  ignore line: [GNU C11 (Ubuntu 5.5.0-12ubuntu1) version 5.5.0 20171010 (x86_64-linux-gnu)]
  ignore line: [	compiled by GNU C version 5.5.0 20171010, GMP version 6.1.2, MPFR version 4.0.1, MPC version 1.1.0]
  ignore line: [GGC heuristics: --param ggc-min-expand=100 --param ggc-min-heapsize=131072]
  ignore line: [Compiler executable checksum: 01e8a6319f5844c2da00558c5054f341]
  ignore line: [COLLECT_GCC_OPTIONS='-v' '-o' 'CMakeFiles/cmTC_5d5af.dir/CMakeCCompilerABI.c.o' '-c' '-mtune=generic' '-march=x86-64']
  ignore line: [ as -v --64 -o CMakeFiles/cmTC_5d5af.dir/CMakeCCompilerABI.c.o /tmp/ccpX9Ele.s]
  ignore line: [GNU assembler version 2.30 (x86_64-linux-gnu) using BFD version (GNU Binutils for Ubuntu) 2.30]
  ignore line: [COMPILER_PATH=/usr/lib/gcc/x86_64-linux-gnu/5/:/usr/lib/gcc/x86_64-linux-gnu/5/:/usr/lib/gcc/x86_64-linux-gnu/:/usr/lib/gcc/x86_64-linux-gnu/5/:/usr/lib/gcc/x86_64-linux-gnu/]
  ignore line: [LIBRARY_PATH=/usr/lib/gcc/x86_64-linux-gnu/5/:/usr/lib/gcc/x86_64-linux-gnu/5/../../../x86_64-linux-gnu/:/usr/lib/gcc/x86_64-linux-gnu/5/../../../../lib/:/lib/x86_64-linux-gnu/:/lib/../lib/:/usr/lib/x86_64-linux-gnu/:/usr/lib/../lib/:/usr/lib/gcc/x86_64-linux-gnu/5/../../../:/lib/:/usr/lib/]
  ignore line: [COLLECT_GCC_OPTIONS='-v' '-o' 'CMakeFiles/cmTC_5d5af.dir/CMakeCCompilerABI.c.o' '-c' '-mtune=generic' '-march=x86-64']
  ignore line: [Linking C executable cmTC_5d5af]
  ignore line: [/root/Downloads/clion-2019.1.4/bin/cmake/linux/bin/cmake -E cmake_link_script CMakeFiles/cmTC_5d5af.dir/link.txt --verbose=1]
  ignore line: [/usr/bin/cc     -v CMakeFiles/cmTC_5d5af.dir/CMakeCCompilerABI.c.o  -o cmTC_5d5af ]
  ignore line: [Using built-in specs.]
  ignore line: [COLLECT_GCC=/usr/bin/cc]
  ignore line: [COLLECT_LTO_WRAPPER=/usr/lib/gcc/x86_64-linux-gnu/5/lto-wrapper]
  ignore line: [Target: x86_64-linux-gnu]
  ignore line: [Configured with: ../src/configure -v --with-pkgversion='Ubuntu 5.5.0-12ubuntu1' --with-bugurl=file:///usr/share/doc/gcc-5/README.Bugs --enable-languages=c,ada,c++,go,d,fortran,objc,obj-c++ --prefix=/usr --program-suffix=-5 --enable-shared --enable-linker-build-id --libexecdir=/usr/lib --without-included-gettext --enable-threads=posix --libdir=/usr/lib --enable-nls --with-sysroot=/ --enable-clocale=gnu --enable-libstdcxx-debug --enable-libstdcxx-time=yes --with-default-libstdcxx-abi=new --enable-gnu-unique-object --disable-vtable-verify --enable-libmpx --enable-plugin --enable-default-pie --with-system-zlib --enable-objc-gc --enable-multiarch --disable-werror --with-arch-32=i686 --with-abi=m64 --with-multilib-list=m32,m64,mx32 --enable-multilib --with-tune=generic --enable-checking=release --build=x86_64-linux-gnu --host=x86_64-linux-gnu --target=x86_64-linux-gnu]
  ignore line: [Thread model: posix]
  ignore line: [gcc version 5.5.0 20171010 (Ubuntu 5.5.0-12ubuntu1) ]
  ignore line: [COMPILER_PATH=/usr/lib/gcc/x86_64-linux-gnu/5/:/usr/lib/gcc/x86_64-linux-gnu/5/:/usr/lib/gcc/x86_64-linux-gnu/:/usr/lib/gcc/x86_64-linux-gnu/5/:/usr/lib/gcc/x86_64-linux-gnu/]
  ignore line: [LIBRARY_PATH=/usr/lib/gcc/x86_64-linux-gnu/5/:/usr/lib/gcc/x86_64-linux-gnu/5/../../../x86_64-linux-gnu/:/usr/lib/gcc/x86_64-linux-gnu/5/../../../../lib/:/lib/x86_64-linux-gnu/:/lib/../lib/:/usr/lib/x86_64-linux-gnu/:/usr/lib/../lib/:/usr/lib/gcc/x86_64-linux-gnu/5/../../../:/lib/:/usr/lib/]
  ignore line: [COLLECT_GCC_OPTIONS='-v' '-o' 'cmTC_5d5af' '-mtune=generic' '-march=x86-64']
  link line: [ /usr/lib/gcc/x86_64-linux-gnu/5/collect2 -plugin /usr/lib/gcc/x86_64-linux-gnu/5/liblto_plugin.so -plugin-opt=/usr/lib/gcc/x86_64-linux-gnu/5/lto-wrapper -plugin-opt=-fresolution=/tmp/ccKCb8jg.res -plugin-opt=-pass-through=-lgcc -plugin-opt=-pass-through=-lgcc_s -plugin-opt=-pass-through=-lc -plugin-opt=-pass-through=-lgcc -plugin-opt=-pass-through=-lgcc_s --sysroot=/ --build-id --eh-frame-hdr -m elf_x86_64 --hash-style=gnu --as-needed -dynamic-linker /lib64/ld-linux-x86-64.so.2 -pie -z now -z relro -o cmTC_5d5af /usr/lib/gcc/x86_64-linux-gnu/5/../../../x86_64-linux-gnu/Scrt1.o /usr/lib/gcc/x86_64-linux-gnu/5/../../../x86_64-linux-gnu/crti.o /usr/lib/gcc/x86_64-linux-gnu/5/crtbeginS.o -L/usr/lib/gcc/x86_64-linux-gnu/5 -L/usr/lib/gcc/x86_64-linux-gnu/5/../../../x86_64-linux-gnu -L/usr/lib/gcc/x86_64-linux-gnu/5/../../../../lib -L/lib/x86_64-linux-gnu -L/lib/../lib -L/usr/lib/x86_64-linux-gnu -L/usr/lib/../lib -L/usr/lib/gcc/x86_64-linux-gnu/5/../../.. CMakeFiles/cmTC_5d5af.dir/CMakeCCompilerABI.c.o -lgcc --push-state --as-needed -lgcc_s --pop-state -lc -lgcc --push-state --as-needed -lgcc_s --pop-state /usr/lib/gcc/x86_64-linux-gnu/5/crtend.o /usr/lib/gcc/x86_64-linux-gnu/5/../../../x86_64-linux-gnu/crtn.o]
    arg [/usr/lib/gcc/x86_64-linux-gnu/5/collect2] ==> ignore
    arg [-plugin] ==> ignore
    arg [/usr/lib/gcc/x86_64-linux-gnu/5/liblto_plugin.so] ==> ignore
    arg [-plugin-opt=/usr/lib/gcc/x86_64-linux-gnu/5/lto-wrapper] ==> ignore
    arg [-plugin-opt=-fresolution=/tmp/ccKCb8jg.res] ==> ignore
    arg [-plugin-opt=-pass-through=-lgcc] ==> ignore
    arg [-plugin-opt=-pass-through=-lgcc_s] ==> ignore
    arg [-plugin-opt=-pass-through=-lc] ==> ignore
    arg [-plugin-opt=-pass-through=-lgcc] ==> ignore
    arg [-plugin-opt=-pass-through=-lgcc_s] ==> ignore
    arg [--sysroot=/] ==> ignore
    arg [--build-id] ==> ignore
    arg [--eh-frame-hdr] ==> ignore
    arg [-m] ==> ignore
    arg [elf_x86_64] ==> ignore
    arg [--hash-style=gnu] ==> ignore
    arg [--as-needed] ==> ignore
    arg [-dynamic-linker] ==> ignore
    arg [/lib64/ld-linux-x86-64.so.2] ==> ignore
    arg [-pie] ==> ignore
    arg [-znow] ==> ignore
    arg [-zrelro] ==> ignore
    arg [-o] ==> ignore
    arg [cmTC_5d5af] ==> ignore
    arg [/usr/lib/gcc/x86_64-linux-gnu/5/../../../x86_64-linux-gnu/Scrt1.o] ==> ignore
    arg [/usr/lib/gcc/x86_64-linux-gnu/5/../../../x86_64-linux-gnu/crti.o] ==> ignore
    arg [/usr/lib/gcc/x86_64-linux-gnu/5/crtbeginS.o] ==> ignore
    arg [-L/usr/lib/gcc/x86_64-linux-gnu/5] ==> dir [/usr/lib/gcc/x86_64-linux-gnu/5]
    arg [-L/usr/lib/gcc/x86_64-linux-gnu/5/../../../x86_64-linux-gnu] ==> dir [/usr/lib/gcc/x86_64-linux-gnu/5/../../../x86_64-linux-gnu]
    arg [-L/usr/lib/gcc/x86_64-linux-gnu/5/../../../../lib] ==> dir [/usr/lib/gcc/x86_64-linux-gnu/5/../../../../lib]
    arg [-L/lib/x86_64-linux-gnu] ==> dir [/lib/x86_64-linux-gnu]
    arg [-L/lib/../lib] ==> dir [/lib/../lib]
    arg [-L/usr/lib/x86_64-linux-gnu] ==> dir [/usr/lib/x86_64-linux-gnu]
    arg [-L/usr/lib/../lib] ==> dir [/usr/lib/../lib]
    arg [-L/usr/lib/gcc/x86_64-linux-gnu/5/../../..] ==> dir [/usr/lib/gcc/x86_64-linux-gnu/5/../../..]
    arg [CMakeFiles/cmTC_5d5af.dir/CMakeCCompilerABI.c.o] ==> ignore
    arg [-lgcc] ==> lib [gcc]
    arg [--push-state] ==> ignore
    arg [--as-needed] ==> ignore
    arg [-lgcc_s] ==> lib [gcc_s]
    arg [--pop-state] ==> ignore
    arg [-lc] ==> lib [c]
    arg [-lgcc] ==> lib [gcc]
    arg [--push-state] ==> ignore
    arg [--as-needed] ==> ignore
    arg [-lgcc_s] ==> lib [gcc_s]
    arg [--pop-state] ==> ignore
    arg [/usr/lib/gcc/x86_64-linux-gnu/5/crtend.o] ==> ignore
    arg [/usr/lib/gcc/x86_64-linux-gnu/5/../../../x86_64-linux-gnu/crtn.o] ==> ignore
  collapse library dir [/usr/lib/gcc/x86_64-linux-gnu/5] ==> [/usr/lib/gcc/x86_64-linux-gnu/5]
  collapse library dir [/usr/lib/gcc/x86_64-linux-gnu/5/../../../x86_64-linux-gnu] ==> [/usr/lib/x86_64-linux-gnu]
  collapse library dir [/usr/lib/gcc/x86_64-linux-gnu/5/../../../../lib] ==> [/usr/lib]
  collapse library dir [/lib/x86_64-linux-gnu] ==> [/lib/x86_64-linux-gnu]
  collapse library dir [/lib/../lib] ==> [/lib]
  collapse library dir [/usr/lib/x86_64-linux-gnu] ==> [/usr/lib/x86_64-linux-gnu]
  collapse library dir [/usr/lib/../lib] ==> [/usr/lib]
  collapse library dir [/usr/lib/gcc/x86_64-linux-gnu/5/../../..] ==> [/usr/lib]
  implicit libs: [gcc;gcc_s;c;gcc;gcc_s]
  implicit dirs: [/usr/lib/gcc/x86_64-linux-gnu/5;/usr/lib/x86_64-linux-gnu;/usr/lib;/lib/x86_64-linux-gnu;/lib]
  implicit fwks: []




Detecting C [-std=c11] compiler features compiled with the following output:
Change Dir: /var/stratum/cmake-build-debug/CMakeFiles/CMakeTmp

Run Build Command(s):/usr/bin/make cmTC_38d15/fast 
/usr/bin/make -f CMakeFiles/cmTC_38d15.dir/build.make CMakeFiles/cmTC_38d15.dir/build
make[1]: Entering directory '/var/stratum/cmake-build-debug/CMakeFiles/CMakeTmp'
Building C object CMakeFiles/cmTC_38d15.dir/feature_tests.c.o
/usr/bin/cc   -std=c11 -o CMakeFiles/cmTC_38d15.dir/feature_tests.c.o   -c /var/stratum/cmake-build-debug/CMakeFiles/feature_tests.c
Linking C executable cmTC_38d15
/root/Downloads/clion-2019.1.4/bin/cmake/linux/bin/cmake -E cmake_link_script CMakeFiles/cmTC_38d15.dir/link.txt --verbose=1
/usr/bin/cc      CMakeFiles/cmTC_38d15.dir/feature_tests.c.o  -o cmTC_38d15 
make[1]: Leaving directory '/var/stratum/cmake-build-debug/CMakeFiles/CMakeTmp'


    Feature record: C_FEATURE:1c_function_prototypes
    Feature record: C_FEATURE:1c_restrict
    Feature record: C_FEATURE:1c_static_assert
    Feature record: C_FEATURE:1c_variadic_macros


Detecting C [-std=c99] compiler features compiled with the following output:
Change Dir: /var/stratum/cmake-build-debug/CMakeFiles/CMakeTmp

Run Build Command(s):/usr/bin/make cmTC_d20b6/fast 
/usr/bin/make -f CMakeFiles/cmTC_d20b6.dir/build.make CMakeFiles/cmTC_d20b6.dir/build
make[1]: Entering directory '/var/stratum/cmake-build-debug/CMakeFiles/CMakeTmp'
Building C object CMakeFiles/cmTC_d20b6.dir/feature_tests.c.o
/usr/bin/cc   -std=c99 -o CMakeFiles/cmTC_d20b6.dir/feature_tests.c.o   -c /var/stratum/cmake-build-debug/CMakeFiles/feature_tests.c
Linking C executable cmTC_d20b6
/root/Downloads/clion-2019.1.4/bin/cmake/linux/bin/cmake -E cmake_link_script CMakeFiles/cmTC_d20b6.dir/link.txt --verbose=1
/usr/bin/cc      CMakeFiles/cmTC_d20b6.dir/feature_tests.c.o  -o cmTC_d20b6 
make[1]: Leaving directory '/var/stratum/cmake-build-debug/CMakeFiles/CMakeTmp'


    Feature record: C_FEATURE:1c_function_prototypes
    Feature record: C_FEATURE:1c_restrict
    Feature record: C_FEATURE:0c_static_assert
    Feature record: C_FEATURE:1c_variadic_macros


Detecting C [-std=c90] compiler features compiled with the following output:
Change Dir: /var/stratum/cmake-build-debug/CMakeFiles/CMakeTmp

Run Build Command(s):/usr/bin/make cmTC_91d8c/fast 
/usr/bin/make -f CMakeFiles/cmTC_91d8c.dir/build.make CMakeFiles/cmTC_91d8c.dir/build
make[1]: Entering directory '/var/stratum/cmake-build-debug/CMakeFiles/CMakeTmp'
Building C object CMakeFiles/cmTC_91d8c.dir/feature_tests.c.o
/usr/bin/cc   -std=c90 -o CMakeFiles/cmTC_91d8c.dir/feature_tests.c.o   -c /var/stratum/cmake-build-debug/CMakeFiles/feature_tests.c
Linking C executable cmTC_91d8c
/root/Downloads/clion-2019.1.4/bin/cmake/linux/bin/cmake -E cmake_link_script CMakeFiles/cmTC_91d8c.dir/link.txt --verbose=1
/usr/bin/cc      CMakeFiles/cmTC_91d8c.dir/feature_tests.c.o  -o cmTC_91d8c 
make[1]: Leaving directory '/var/stratum/cmake-build-debug/CMakeFiles/CMakeTmp'


    Feature record: C_FEATURE:1c_function_prototypes
    Feature record: C_FEATURE:0c_restrict
    Feature record: C_FEATURE:0c_static_assert
    Feature record: C_FEATURE:0c_variadic_macros
Determining if the CXX compiler works passed with the following output:
Change Dir: /var/stratum/cmake-build-debug/CMakeFiles/CMakeTmp

Run Build Command(s):/usr/bin/make cmTC_500ba/fast 
/usr/bin/make -f CMakeFiles/cmTC_500ba.dir/build.make CMakeFiles/cmTC_500ba.dir/build
make[1]: Entering directory '/var/stratum/cmake-build-debug/CMakeFiles/CMakeTmp'
Building CXX object CMakeFiles/cmTC_500ba.dir/testCXXCompiler.cxx.o
/usr/bin/c++     -o CMakeFiles/cmTC_500ba.dir/testCXXCompiler.cxx.o -c /var/stratum/cmake-build-debug/CMakeFiles/CMakeTmp/testCXXCompiler.cxx
Linking CXX executable cmTC_500ba
/root/Downloads/clion-2019.1.4/bin/cmake/linux/bin/cmake -E cmake_link_script CMakeFiles/cmTC_500ba.dir/link.txt --verbose=1
/usr/bin/c++       CMakeFiles/cmTC_500ba.dir/testCXXCompiler.cxx.o  -o cmTC_500ba 
make[1]: Leaving directory '/var/stratum/cmake-build-debug/CMakeFiles/CMakeTmp'


Detecting CXX compiler ABI info compiled with the following output:
Change Dir: /var/stratum/cmake-build-debug/CMakeFiles/CMakeTmp

Run Build Command(s):/usr/bin/make cmTC_64e1b/fast 
/usr/bin/make -f CMakeFiles/cmTC_64e1b.dir/build.make CMakeFiles/cmTC_64e1b.dir/build
make[1]: Entering directory '/var/stratum/cmake-build-debug/CMakeFiles/CMakeTmp'
Building CXX object CMakeFiles/cmTC_64e1b.dir/CMakeCXXCompilerABI.cpp.o
/usr/bin/c++    -v -o CMakeFiles/cmTC_64e1b.dir/CMakeCXXCompilerABI.cpp.o -c /root/Downloads/clion-2019.1.4/bin/cmake/linux/share/cmake-3.14/Modules/CMakeCXXCompilerABI.cpp
Using built-in specs.
COLLECT_GCC=/usr/bin/c++
Target: x86_64-linux-gnu
Configured with: ../src/configure -v --with-pkgversion='Ubuntu 5.5.0-12ubuntu1' --with-bugurl=file:///usr/share/doc/gcc-5/README.Bugs --enable-languages=c,ada,c++,go,d,fortran,objc,obj-c++ --prefix=/usr --program-suffix=-5 --enable-shared --enable-linker-build-id --libexecdir=/usr/lib --without-included-gettext --enable-threads=posix --libdir=/usr/lib --enable-nls --with-sysroot=/ --enable-clocale=gnu --enable-libstdcxx-debug --enable-libstdcxx-time=yes --with-default-libstdcxx-abi=new --enable-gnu-unique-object --disable-vtable-verify --enable-libmpx --enable-plugin --enable-default-pie --with-system-zlib --enable-objc-gc --enable-multiarch --disable-werror --with-arch-32=i686 --with-abi=m64 --with-multilib-list=m32,m64,mx32 --enable-multilib --with-tune=generic --enable-checking=release --build=x86_64-linux-gnu --host=x86_64-linux-gnu --target=x86_64-linux-gnu
Thread model: posix
gcc version 5.5.0 20171010 (Ubuntu 5.5.0-12ubuntu1) 
COLLECT_GCC_OPTIONS='-v' '-o' 'CMakeFiles/cmTC_64e1b.dir/CMakeCXXCompilerABI.cpp.o' '-c' '-shared-libgcc' '-mtune=generic' '-march=x86-64'
 /usr/lib/gcc/x86_64-linux-gnu/5/cc1plus -quiet -v -imultiarch x86_64-linux-gnu -D_GNU_SOURCE /root/Downloads/clion-2019.1.4/bin/cmake/linux/share/cmake-3.14/Modules/CMakeCXXCompilerABI.cpp -quiet -dumpbase CMakeCXXCompilerABI.cpp -mtune=generic -march=x86-64 -auxbase-strip CMakeFiles/cmTC_64e1b.dir/CMakeCXXCompilerABI.cpp.o -version -fstack-protector-strong -Wformat -Wformat-security -o /tmp/ccrLKDBD.s
GNU C++ (Ubuntu 5.5.0-12ubuntu1) version 5.5.0 20171010 (x86_64-linux-gnu)
	compiled by GNU C version 5.5.0 20171010, GMP version 6.1.2, MPFR version 4.0.1, MPC version 1.1.0
GGC heuristics: --param ggc-min-expand=100 --param ggc-min-heapsize=131072
ignoring duplicate directory "/usr/include/x86_64-linux-gnu/c++/5"
ignoring nonexistent directory "/usr/local/include/x86_64-linux-gnu"
ignoring nonexistent directory "/usr/lib/gcc/x86_64-linux-gnu/5/../../../../x86_64-linux-gnu/include"
#include "..." search starts here:
#include <...> search starts here:
 /usr/include/c++/5
 /usr/include/x86_64-linux-gnu/c++/5
 /usr/include/c++/5/backward
 /usr/lib/gcc/x86_64-linux-gnu/5/include
 /usr/local/include
 /usr/lib/gcc/x86_64-linux-gnu/5/include-fixed
 /usr/include/x86_64-linux-gnu
 /usr/include
End of search list.
GNU C++ (Ubuntu 5.5.0-12ubuntu1) version 5.5.0 20171010 (x86_64-linux-gnu)
	compiled by GNU C version 5.5.0 20171010, GMP version 6.1.2, MPFR version 4.0.1, MPC version 1.1.0
GGC heuristics: --param ggc-min-expand=100 --param ggc-min-heapsize=131072
Compiler executable checksum: 7502860693407ccc98d9842871193560
COLLECT_GCC_OPTIONS='-v' '-o' 'CMakeFiles/cmTC_64e1b.dir/CMakeCXXCompilerABI.cpp.o' '-c' '-shared-libgcc' '-mtune=generic' '-march=x86-64'
 as -v --64 -o CMakeFiles/cmTC_64e1b.dir/CMakeCXXCompilerABI.cpp.o /tmp/ccrLKDBD.s
GNU assembler version 2.30 (x86_64-linux-gnu) using BFD version (GNU Binutils for Ubuntu) 2.30
COMPILER_PATH=/usr/lib/gcc/x86_64-linux-gnu/5/:/usr/lib/gcc/x86_64-linux-gnu/5/:/usr/lib/gcc/x86_64-linux-gnu/:/usr/lib/gcc/x86_64-linux-gnu/5/:/usr/lib/gcc/x86_64-linux-gnu/
LIBRARY_PATH=/usr/lib/gcc/x86_64-linux-gnu/5/:/usr/lib/gcc/x86_64-linux-gnu/5/../../../x86_64-linux-gnu/:/usr/lib/gcc/x86_64-linux-gnu/5/../../../../lib/:/lib/x86_64-linux-gnu/:/lib/../lib/:/usr/lib/x86_64-linux-gnu/:/usr/lib/../lib/:/usr/lib/gcc/x86_64-linux-gnu/5/../../../:/lib/:/usr/lib/
COLLECT_GCC_OPTIONS='-v' '-o' 'CMakeFiles/cmTC_64e1b.dir/CMakeCXXCompilerABI.cpp.o' '-c' '-shared-libgcc' '-mtune=generic' '-march=x86-64'
Linking CXX executable cmTC_64e1b
/root/Downloads/clion-2019.1.4/bin/cmake/linux/bin/cmake -E cmake_link_script CMakeFiles/cmTC_64e1b.dir/link.txt --verbose=1
/usr/bin/c++      -v CMakeFiles/cmTC_64e1b.dir/CMakeCXXCompilerABI.cpp.o  -o cmTC_64e1b 
Using built-in specs.
COLLECT_GCC=/usr/bin/c++
COLLECT_LTO_WRAPPER=/usr/lib/gcc/x86_64-linux-gnu/5/lto-wrapper
Target: x86_64-linux-gnu
Configured with: ../src/configure -v --with-pkgversion='Ubuntu 5.5.0-12ubuntu1' --with-bugurl=file:///usr/share/doc/gcc-5/README.Bugs --enable-languages=c,ada,c++,go,d,fortran,objc,obj-c++ --prefix=/usr --program-suffix=-5 --enable-shared --enable-linker-build-id --libexecdir=/usr/lib --without-included-gettext --enable-threads=posix --libdir=/usr/lib --enable-nls --with-sysroot=/ --enable-clocale=gnu --enable-libstdcxx-debug --enable-libstdcxx-time=yes --with-default-libstdcxx-abi=new --enable-gnu-unique-object --disable-vtable-verify --enable-libmpx --enable-plugin --enable-default-pie --with-system-zlib --enable-objc-gc --enable-multiarch --disable-werror --with-arch-32=i686 --with-abi=m64 --with-multilib-list=m32,m64,mx32 --enable-multilib --with-tune=generic --enable-checking=release --build=x86_64-linux-gnu --host=x86_64-linux-gnu --target=x86_64-linux-gnu
Thread model: posix
gcc version 5.5.0 20171010 (Ubuntu 5.5.0-12ubuntu1) 
COMPILER_PATH=/usr/lib/gcc/x86_64-linux-gnu/5/:/usr/lib/gcc/x86_64-linux-gnu/5/:/usr/lib/gcc/x86_64-linux-gnu/:/usr/lib/gcc/x86_64-linux-gnu/5/:/usr/lib/gcc/x86_64-linux-gnu/
LIBRARY_PATH=/usr/lib/gcc/x86_64-linux-gnu/5/:/usr/lib/gcc/x86_64-linux-gnu/5/../../../x86_64-linux-gnu/:/usr/lib/gcc/x86_64-linux-gnu/5/../../../../lib/:/lib/x86_64-linux-gnu/:/lib/../lib/:/usr/lib/x86_64-linux-gnu/:/usr/lib/../lib/:/usr/lib/gcc/x86_64-linux-gnu/5/../../../:/lib/:/usr/lib/
COLLECT_GCC_OPTIONS='-v' '-o' 'cmTC_64e1b' '-shared-libgcc' '-mtune=generic' '-march=x86-64'
 /usr/lib/gcc/x86_64-linux-gnu/5/collect2 -plugin /usr/lib/gcc/x86_64-linux-gnu/5/liblto_plugin.so -plugin-opt=/usr/lib/gcc/x86_64-linux-gnu/5/lto-wrapper -plugin-opt=-fresolution=/tmp/ccxxWueG.res -plugin-opt=-pass-through=-lgcc_s -plugin-opt=-pass-through=-lgcc -plugin-opt=-pass-through=-lc -plugin-opt=-pass-through=-lgcc_s -plugin-opt=-pass-through=-lgcc --sysroot=/ --build-id --eh-frame-hdr -m elf_x86_64 --hash-style=gnu --as-needed -dynamic-linker /lib64/ld-linux-x86-64.so.2 -pie -z now -z relro -o cmTC_64e1b /usr/lib/gcc/x86_64-linux-gnu/5/../../../x86_64-linux-gnu/Scrt1.o /usr/lib/gcc/x86_64-linux-gnu/5/../../../x86_64-linux-gnu/crti.o /usr/lib/gcc/x86_64-linux-gnu/5/crtbeginS.o -L/usr/lib/gcc/x86_64-linux-gnu/5 -L/usr/lib/gcc/x86_64-linux-gnu/5/../../../x86_64-linux-gnu -L/usr/lib/gcc/x86_64-linux-gnu/5/../../../../lib -L/lib/x86_64-linux-gnu -L/lib/../lib -L/usr/lib/x86_64-linux-gnu -L/usr/lib/../lib -L/usr/lib/gcc/x86_64-linux-gnu/5/../../.. CMakeFiles/cmTC_64e1b.dir/CMakeCXXCompilerABI.cpp.o -lstdc++ -lm -lgcc_s -lgcc -lc -lgcc_s -lgcc /usr/lib/gcc/x86_64-linux-gnu/5/crtend.o /usr/lib/gcc/x86_64-linux-gnu/5/../../../x86_64-linux-gnu/crtn.o
make[1]: Leaving directory '/var/stratum/cmake-build-debug/CMakeFiles/CMakeTmp'


Parsed CXX implicit include dir info from above output: rv=done
  found start of include info
  found start of implicit include info
    add: [/usr/include/c++/5]
    add: [/usr/include/x86_64-linux-gnu/c++/5]
    add: [/usr/include/c++/5/backward]
    add: [/usr/lib/gcc/x86_64-linux-gnu/5/include]
    add: [/usr/local/include]
    add: [/usr/lib/gcc/x86_64-linux-gnu/5/include-fixed]
    add: [/usr/include/x86_64-linux-gnu]
    add: [/usr/include]
  end of search list found
  collapse include dir [/usr/include/c++/5] ==> [/usr/include/c++/5]
  collapse include dir [/usr/include/x86_64-linux-gnu/c++/5] ==> [/usr/include/x86_64-linux-gnu/c++/5]
  collapse include dir [/usr/include/c++/5/backward] ==> [/usr/include/c++/5/backward]
  collapse include dir [/usr/lib/gcc/x86_64-linux-gnu/5/include] ==> [/usr/lib/gcc/x86_64-linux-gnu/5/include]
  collapse include dir [/usr/local/include] ==> [/usr/local/include]
  collapse include dir [/usr/lib/gcc/x86_64-linux-gnu/5/include-fixed] ==> [/usr/lib/gcc/x86_64-linux-gnu/5/include-fixed]
  collapse include dir [/usr/include/x86_64-linux-gnu] ==> [/usr/include/x86_64-linux-gnu]
  collapse include dir [/usr/include] ==> [/usr/include]
  implicit include dirs: [/usr/include/c++/5;/usr/include/x86_64-linux-gnu/c++/5;/usr/include/c++/5/backward;/usr/lib/gcc/x86_64-linux-gnu/5/include;/usr/local/include;/usr/lib/gcc/x86_64-linux-gnu/5/include-fixed;/usr/include/x86_64-linux-gnu;/usr/include]


Parsed CXX implicit link information from above output:
  link line regex: [^( *|.*[/\])(ld|CMAKE_LINK_STARTFILE-NOTFOUND|([^/\]+-)?ld|collect2)[^/\]*( |$)]
  ignore line: [Change Dir: /var/stratum/cmake-build-debug/CMakeFiles/CMakeTmp]
  ignore line: []
  ignore line: [Run Build Command(s):/usr/bin/make cmTC_64e1b/fast ]
  ignore line: [/usr/bin/make -f CMakeFiles/cmTC_64e1b.dir/build.make CMakeFiles/cmTC_64e1b.dir/build]
  ignore line: [make[1]: Entering directory '/var/stratum/cmake-build-debug/CMakeFiles/CMakeTmp']
  ignore line: [Building CXX object CMakeFiles/cmTC_64e1b.dir/CMakeCXXCompilerABI.cpp.o]
  ignore line: [/usr/bin/c++    -v -o CMakeFiles/cmTC_64e1b.dir/CMakeCXXCompilerABI.cpp.o -c /root/Downloads/clion-2019.1.4/bin/cmake/linux/share/cmake-3.14/Modules/CMakeCXXCompilerABI.cpp]
  ignore line: [Using built-in specs.]
  ignore line: [COLLECT_GCC=/usr/bin/c++]
  ignore line: [Target: x86_64-linux-gnu]
  ignore line: [Configured with: ../src/configure -v --with-pkgversion='Ubuntu 5.5.0-12ubuntu1' --with-bugurl=file:///usr/share/doc/gcc-5/README.Bugs --enable-languages=c,ada,c++,go,d,fortran,objc,obj-c++ --prefix=/usr --program-suffix=-5 --enable-shared --enable-linker-build-id --libexecdir=/usr/lib --without-included-gettext --enable-threads=posix --libdir=/usr/lib --enable-nls --with-sysroot=/ --enable-clocale=gnu --enable-libstdcxx-debug --enable-libstdcxx-time=yes --with-default-libstdcxx-abi=new --enable-gnu-unique-object --disable-vtable-verify --enable-libmpx --enable-plugin --enable-default-pie --with-system-zlib --enable-objc-gc --enable-multiarch --disable-werror --with-arch-32=i686 --with-abi=m64 --with-multilib-list=m32,m64,mx32 --enable-multilib --with-tune=generic --enable-checking=release --build=x86_64-linux-gnu --host=x86_64-linux-gnu --target=x86_64-linux-gnu]
  ignore line: [Thread model: posix]
  ignore line: [gcc version 5.5.0 20171010 (Ubuntu 5.5.0-12ubuntu1) ]
  ignore line: [COLLECT_GCC_OPTIONS='-v' '-o' 'CMakeFiles/cmTC_64e1b.dir/CMakeCXXCompilerABI.cpp.o' '-c' '-shared-libgcc' '-mtune=generic' '-march=x86-64']
  ignore line: [ /usr/lib/gcc/x86_64-linux-gnu/5/cc1plus -quiet -v -imultiarch x86_64-linux-gnu -D_GNU_SOURCE /root/Downloads/clion-2019.1.4/bin/cmake/linux/share/cmake-3.14/Modules/CMakeCXXCompilerABI.cpp -quiet -dumpbase CMakeCXXCompilerABI.cpp -mtune=generic -march=x86-64 -auxbase-strip CMakeFiles/cmTC_64e1b.dir/CMakeCXXCompilerABI.cpp.o -version -fstack-protector-strong -Wformat -Wformat-security -o /tmp/ccrLKDBD.s]
  ignore line: [GNU C++ (Ubuntu 5.5.0-12ubuntu1) version 5.5.0 20171010 (x86_64-linux-gnu)]
  ignore line: [	compiled by GNU C version 5.5.0 20171010, GMP version 6.1.2, MPFR version 4.0.1, MPC version 1.1.0]
  ignore line: [GGC heuristics: --param ggc-min-expand=100 --param ggc-min-heapsize=131072]
  ignore line: [ignoring duplicate directory "/usr/include/x86_64-linux-gnu/c++/5"]
  ignore line: [ignoring nonexistent directory "/usr/local/include/x86_64-linux-gnu"]
  ignore line: [ignoring nonexistent directory "/usr/lib/gcc/x86_64-linux-gnu/5/../../../../x86_64-linux-gnu/include"]
  ignore line: [#include "..." search starts here:]
  ignore line: [#include <...> search starts here:]
  ignore line: [ /usr/include/c++/5]
  ignore line: [ /usr/include/x86_64-linux-gnu/c++/5]
  ignore line: [ /usr/include/c++/5/backward]
  ignore line: [ /usr/lib/gcc/x86_64-linux-gnu/5/include]
  ignore line: [ /usr/local/include]
  ignore line: [ /usr/lib/gcc/x86_64-linux-gnu/5/include-fixed]
  ignore line: [ /usr/include/x86_64-linux-gnu]
  ignore line: [ /usr/include]
  ignore line: [End of search list.]
  ignore line: [GNU C++ (Ubuntu 5.5.0-12ubuntu1) version 5.5.0 20171010 (x86_64-linux-gnu)]
  ignore line: [	compiled by GNU C version 5.5.0 20171010, GMP version 6.1.2, MPFR version 4.0.1, MPC version 1.1.0]
  ignore line: [GGC heuristics: --param ggc-min-expand=100 --param ggc-min-heapsize=131072]
  ignore line: [Compiler executable checksum: 7502860693407ccc98d9842871193560]
  ignore line: [COLLECT_GCC_OPTIONS='-v' '-o' 'CMakeFiles/cmTC_64e1b.dir/CMakeCXXCompilerABI.cpp.o' '-c' '-shared-libgcc' '-mtune=generic' '-march=x86-64']
  ignore line: [ as -v --64 -o CMakeFiles/cmTC_64e1b.dir/CMakeCXXCompilerABI.cpp.o /tmp/ccrLKDBD.s]
  ignore line: [GNU assembler version 2.30 (x86_64-linux-gnu) using BFD version (GNU Binutils for Ubuntu) 2.30]
  ignore line: [COMPILER_PATH=/usr/lib/gcc/x86_64-linux-gnu/5/:/usr/lib/gcc/x86_64-linux-gnu/5/:/usr/lib/gcc/x86_64-linux-gnu/:/usr/lib/gcc/x86_64-linux-gnu/5/:/usr/lib/gcc/x86_64-linux-gnu/]
  ignore line: [LIBRARY_PATH=/usr/lib/gcc/x86_64-linux-gnu/5/:/usr/lib/gcc/x86_64-linux-gnu/5/../../../x86_64-linux-gnu/:/usr/lib/gcc/x86_64-linux-gnu/5/../../../../lib/:/lib/x86_64-linux-gnu/:/lib/../lib/:/usr/lib/x86_64-linux-gnu/:/usr/lib/../lib/:/usr/lib/gcc/x86_64-linux-gnu/5/../../../:/lib/:/usr/lib/]
  ignore line: [COLLECT_GCC_OPTIONS='-v' '-o' 'CMakeFiles/cmTC_64e1b.dir/CMakeCXXCompilerABI.cpp.o' '-c' '-shared-libgcc' '-mtune=generic' '-march=x86-64']
  ignore line: [Linking CXX executable cmTC_64e1b]
  ignore line: [/root/Downloads/clion-2019.1.4/bin/cmake/linux/bin/cmake -E cmake_link_script CMakeFiles/cmTC_64e1b.dir/link.txt --verbose=1]
  ignore line: [/usr/bin/c++      -v CMakeFiles/cmTC_64e1b.dir/CMakeCXXCompilerABI.cpp.o  -o cmTC_64e1b ]
  ignore line: [Using built-in specs.]
  ignore line: [COLLECT_GCC=/usr/bin/c++]
  ignore line: [COLLECT_LTO_WRAPPER=/usr/lib/gcc/x86_64-linux-gnu/5/lto-wrapper]
  ignore line: [Target: x86_64-linux-gnu]
  ignore line: [Configured with: ../src/configure -v --with-pkgversion='Ubuntu 5.5.0-12ubuntu1' --with-bugurl=file:///usr/share/doc/gcc-5/README.Bugs --enable-languages=c,ada,c++,go,d,fortran,objc,obj-c++ --prefix=/usr --program-suffix=-5 --enable-shared --enable-linker-build-id --libexecdir=/usr/lib --without-included-gettext --enable-threads=posix --libdir=/usr/lib --enable-nls --with-sysroot=/ --enable-clocale=gnu --enable-libstdcxx-debug --enable-libstdcxx-time=yes --with-default-libstdcxx-abi=new --enable-gnu-unique-object --disable-vtable-verify --enable-libmpx --enable-plugin --enable-default-pie --with-system-zlib --enable-objc-gc --enable-multiarch --disable-werror --with-arch-32=i686 --with-abi=m64 --with-multilib-list=m32,m64,mx32 --enable-multilib --with-tune=generic --enable-checking=release --build=x86_64-linux-gnu --host=x86_64-linux-gnu --target=x86_64-linux-gnu]
  ignore line: [Thread model: posix]
  ignore line: [gcc version 5.5.0 20171010 (Ubuntu 5.5.0-12ubuntu1) ]
  ignore line: [COMPILER_PATH=/usr/lib/gcc/x86_64-linux-gnu/5/:/usr/lib/gcc/x86_64-linux-gnu/5/:/usr/lib/gcc/x86_64-linux-gnu/:/usr/lib/gcc/x86_64-linux-gnu/5/:/usr/lib/gcc/x86_64-linux-gnu/]
  ignore line: [LIBRARY_PATH=/usr/lib/gcc/x86_64-linux-gnu/5/:/usr/lib/gcc/x86_64-linux-gnu/5/../../../x86_64-linux-gnu/:/usr/lib/gcc/x86_64-linux-gnu/5/../../../../lib/:/lib/x86_64-linux-gnu/:/lib/../lib/:/usr/lib/x86_64-linux-gnu/:/usr/lib/../lib/:/usr/lib/gcc/x86_64-linux-gnu/5/../../../:/lib/:/usr/lib/]
  ignore line: [COLLECT_GCC_OPTIONS='-v' '-o' 'cmTC_64e1b' '-shared-libgcc' '-mtune=generic' '-march=x86-64']
  link line: [ /usr/lib/gcc/x86_64-linux-gnu/5/collect2 -plugin /usr/lib/gcc/x86_64-linux-gnu/5/liblto_plugin.so -plugin-opt=/usr/lib/gcc/x86_64-linux-gnu/5/lto-wrapper -plugin-opt=-fresolution=/tmp/ccxxWueG.res -plugin-opt=-pass-through=-lgcc_s -plugin-opt=-pass-through=-lgcc -plugin-opt=-pass-through=-lc -plugin-opt=-pass-through=-lgcc_s -plugin-opt=-pass-through=-lgcc --sysroot=/ --build-id --eh-frame-hdr -m elf_x86_64 --hash-style=gnu --as-needed -dynamic-linker /lib64/ld-linux-x86-64.so.2 -pie -z now -z relro -o cmTC_64e1b /usr/lib/gcc/x86_64-linux-gnu/5/../../../x86_64-linux-gnu/Scrt1.o /usr/lib/gcc/x86_64-linux-gnu/5/../../../x86_64-linux-gnu/crti.o /usr/lib/gcc/x86_64-linux-gnu/5/crtbeginS.o -L/usr/lib/gcc/x86_64-linux-gnu/5 -L/usr/lib/gcc/x86_64-linux-gnu/5/../../../x86_64-linux-gnu -L/usr/lib/gcc/x86_64-linux-gnu/5/../../../../lib -L/lib/x86_64-linux-gnu -L/lib/../lib -L/usr/lib/x86_64-linux-gnu -L/usr/lib/../lib -L/usr/lib/gcc/x86_64-linux-gnu/5/../../.. CMakeFiles/cmTC_64e1b.dir/CMakeCXXCompilerABI.cpp.o -lstdc++ -lm -lgcc_s -lgcc -lc -lgcc_s -lgcc /usr/lib/gcc/x86_64-linux-gnu/5/crtend.o /usr/lib/gcc/x86_64-linux-gnu/5/../../../x86_64-linux-gnu/crtn.o]
    arg [/usr/lib/gcc/x86_64-linux-gnu/5/collect2] ==> ignore
    arg [-plugin] ==> ignore
    arg [/usr/lib/gcc/x86_64-linux-gnu/5/liblto_plugin.so] ==> ignore
    arg [-plugin-opt=/usr/lib/gcc/x86_64-linux-gnu/5/lto-wrapper] ==> ignore
    arg [-plugin-opt=-fresolution=/tmp/ccxxWueG.res] ==> ignore
    arg [-plugin-opt=-pass-through=-lgcc_s] ==> ignore
    arg [-plugin-opt=-pass-through=-lgcc] ==> ignore
    arg [-plugin-opt=-pass-through=-lc] ==> ignore
    arg [-plugin-opt=-pass-through=-lgcc_s] ==> ignore
    arg [-plugin-opt=-pass-through=-lgcc] ==> ignore
    arg [--sysroot=/] ==> ignore
    arg [--build-id] ==> ignore
    arg [--eh-frame-hdr] ==> ignore
    arg [-m] ==> ignore
    arg [elf_x86_64] ==> ignore
    arg [--hash-style=gnu] ==> ignore
    arg [--as-needed] ==> ignore
    arg [-dynamic-linker] ==> ignore
    arg [/lib64/ld-linux-x86-64.so.2] ==> ignore
    arg [-pie] ==> ignore
    arg [-znow] ==> ignore
    arg [-zrelro] ==> ignore
    arg [-o] ==> ignore
    arg [cmTC_64e1b] ==> ignore
    arg [/usr/lib/gcc/x86_64-linux-gnu/5/../../../x86_64-linux-gnu/Scrt1.o] ==> ignore
    arg [/usr/lib/gcc/x86_64-linux-gnu/5/../../../x86_64-linux-gnu/crti.o] ==> ignore
    arg [/usr/lib/gcc/x86_64-linux-gnu/5/crtbeginS.o] ==> ignore
    arg [-L/usr/lib/gcc/x86_64-linux-gnu/5] ==> dir [/usr/lib/gcc/x86_64-linux-gnu/5]
    arg [-L/usr/lib/gcc/x86_64-linux-gnu/5/../../../x86_64-linux-gnu] ==> dir [/usr/lib/gcc/x86_64-linux-gnu/5/../../../x86_64-linux-gnu]
    arg [-L/usr/lib/gcc/x86_64-linux-gnu/5/../../../../lib] ==> dir [/usr/lib/gcc/x86_64-linux-gnu/5/../../../../lib]
    arg [-L/lib/x86_64-linux-gnu] ==> dir [/lib/x86_64-linux-gnu]
    arg [-L/lib/../lib] ==> dir [/lib/../lib]
    arg [-L/usr/lib/x86_64-linux-gnu] ==> dir [/usr/lib/x86_64-linux-gnu]
    arg [-L/usr/lib/../lib] ==> dir [/usr/lib/../lib]
    arg [-L/usr/lib/gcc/x86_64-linux-gnu/5/../../..] ==> dir [/usr/lib/gcc/x86_64-linux-gnu/5/../../..]
    arg [CMakeFiles/cmTC_64e1b.dir/CMakeCXXCompilerABI.cpp.o] ==> ignore
    arg [-lstdc++] ==> lib [stdc++]
    arg [-lm] ==> lib [m]
    arg [-lgcc_s] ==> lib [gcc_s]
    arg [-lgcc] ==> lib [gcc]
    arg [-lc] ==> lib [c]
    arg [-lgcc_s] ==> lib [gcc_s]
    arg [-lgcc] ==> lib [gcc]
    arg [/usr/lib/gcc/x86_64-linux-gnu/5/crtend.o] ==> ignore
    arg [/usr/lib/gcc/x86_64-linux-gnu/5/../../../x86_64-linux-gnu/crtn.o] ==> ignore
  collapse library dir [/usr/lib/gcc/x86_64-linux-gnu/5] ==> [/usr/lib/gcc/x86_64-linux-gnu/5]
  collapse library dir [/usr/lib/gcc/x86_64-linux-gnu/5/../../../x86_64-linux-gnu] ==> [/usr/lib/x86_64-linux-gnu]
  collapse library dir [/usr/lib/gcc/x86_64-linux-gnu/5/../../../../lib] ==> [/usr/lib]
  collapse library dir [/lib/x86_64-linux-gnu] ==> [/lib/x86_64-linux-gnu]
  collapse library dir [/lib/../lib] ==> [/lib]
  collapse library dir [/usr/lib/x86_64-linux-gnu] ==> [/usr/lib/x86_64-linux-gnu]
  collapse library dir [/usr/lib/../lib] ==> [/usr/lib]
  collapse library dir [/usr/lib/gcc/x86_64-linux-gnu/5/../../..] ==> [/usr/lib]
  implicit libs: [stdc++;m;gcc_s;gcc;c;gcc_s;gcc]
  implicit dirs: [/usr/lib/gcc/x86_64-linux-gnu/5;/usr/lib/x86_64-linux-gnu;/usr/lib;/lib/x86_64-linux-gnu;/lib]
  implicit fwks: []




Detecting CXX [-std=c++1z] compiler features compiled with the following output:
Change Dir: /var/stratum/cmake-build-debug/CMakeFiles/CMakeTmp

Run Build Command(s):/usr/bin/make cmTC_95eaa/fast 
/usr/bin/make -f CMakeFiles/cmTC_95eaa.dir/build.make CMakeFiles/cmTC_95eaa.dir/build
make[1]: Entering directory '/var/stratum/cmake-build-debug/CMakeFiles/CMakeTmp'
Building CXX object CMakeFiles/cmTC_95eaa.dir/feature_tests.cxx.o
/usr/bin/c++    -std=c++1z -o CMakeFiles/cmTC_95eaa.dir/feature_tests.cxx.o -c /var/stratum/cmake-build-debug/CMakeFiles/feature_tests.cxx
Linking CXX executable cmTC_95eaa
/root/Downloads/clion-2019.1.4/bin/cmake/linux/bin/cmake -E cmake_link_script CMakeFiles/cmTC_95eaa.dir/link.txt --verbose=1
/usr/bin/c++       CMakeFiles/cmTC_95eaa.dir/feature_tests.cxx.o  -o cmTC_95eaa 
make[1]: Leaving directory '/var/stratum/cmake-build-debug/CMakeFiles/CMakeTmp'


    Feature record: CXX_FEATURE:1cxx_aggregate_default_initializers
    Feature record: CXX_FEATURE:1cxx_alias_templates
    Feature record: CXX_FEATURE:1cxx_alignas
    Feature record: CXX_FEATURE:1cxx_alignof
    Feature record: CXX_FEATURE:1cxx_attributes
    Feature record: CXX_FEATURE:1cxx_attribute_deprecated
    Feature record: CXX_FEATURE:1cxx_auto_type
    Feature record: CXX_FEATURE:1cxx_binary_literals
    Feature record: CXX_FEATURE:1cxx_constexpr
    Feature record: CXX_FEATURE:1cxx_contextual_conversions
    Feature record: CXX_FEATURE:1cxx_decltype
    Feature record: CXX_FEATURE:1cxx_decltype_auto
    Feature record: CXX_FEATURE:1cxx_decltype_incomplete_return_types
    Feature record: CXX_FEATURE:1cxx_default_function_template_args
    Feature record: CXX_FEATURE:1cxx_defaulted_functions
    Feature record: CXX_FEATURE:1cxx_defaulted_move_initializers
    Feature record: CXX_FEATURE:1cxx_delegating_constructors
    Feature record: CXX_FEATURE:1cxx_deleted_functions
    Feature record: CXX_FEATURE:1cxx_digit_separators
    Feature record: CXX_FEATURE:1cxx_enum_forward_declarations
    Feature record: CXX_FEATURE:1cxx_explicit_conversions
    Feature record: CXX_FEATURE:1cxx_extended_friend_declarations
    Feature record: CXX_FEATURE:1cxx_extern_templates
    Feature record: CXX_FEATURE:1cxx_final
    Feature record: CXX_FEATURE:1cxx_func_identifier
    Feature record: CXX_FEATURE:1cxx_generalized_initializers
    Feature record: CXX_FEATURE:1cxx_generic_lambdas
    Feature record: CXX_FEATURE:1cxx_inheriting_constructors
    Feature record: CXX_FEATURE:1cxx_inline_namespaces
    Feature record: CXX_FEATURE:1cxx_lambdas
    Feature record: CXX_FEATURE:1cxx_lambda_init_captures
    Feature record: CXX_FEATURE:1cxx_local_type_template_args
    Feature record: CXX_FEATURE:1cxx_long_long_type
    Feature record: CXX_FEATURE:1cxx_noexcept
    Feature record: CXX_FEATURE:1cxx_nonstatic_member_init
    Feature record: CXX_FEATURE:1cxx_nullptr
    Feature record: CXX_FEATURE:1cxx_override
    Feature record: CXX_FEATURE:1cxx_range_for
    Feature record: CXX_FEATURE:1cxx_raw_string_literals
    Feature record: CXX_FEATURE:1cxx_reference_qualified_functions
    Feature record: CXX_FEATURE:1cxx_relaxed_constexpr
    Feature record: CXX_FEATURE:1cxx_return_type_deduction
    Feature record: CXX_FEATURE:1cxx_right_angle_brackets
    Feature record: CXX_FEATURE:1cxx_rvalue_references
    Feature record: CXX_FEATURE:1cxx_sizeof_member
    Feature record: CXX_FEATURE:1cxx_static_assert
    Feature record: CXX_FEATURE:1cxx_strong_enums
    Feature record: CXX_FEATURE:1cxx_template_template_parameters
    Feature record: CXX_FEATURE:1cxx_thread_local
    Feature record: CXX_FEATURE:1cxx_trailing_return_types
    Feature record: CXX_FEATURE:1cxx_unicode_literals
    Feature record: CXX_FEATURE:1cxx_uniform_initialization
    Feature record: CXX_FEATURE:1cxx_unrestricted_unions
    Feature record: CXX_FEATURE:1cxx_user_literals
    Feature record: CXX_FEATURE:1cxx_variable_templates
    Feature record: CXX_FEATURE:1cxx_variadic_macros
    Feature record: CXX_FEATURE:1cxx_variadic_templates


Detecting CXX [-std=c++14] compiler features compiled with the following output:
Change Dir: /var/stratum/cmake-build-debug/CMakeFiles/CMakeTmp

Run Build Command(s):/usr/bin/make cmTC_eee33/fast 
/usr/bin/make -f CMakeFiles/cmTC_eee33.dir/build.make CMakeFiles/cmTC_eee33.dir/build
make[1]: Entering directory '/var/stratum/cmake-build-debug/CMakeFiles/CMakeTmp'
Building CXX object CMakeFiles/cmTC_eee33.dir/feature_tests.cxx.o
/usr/bin/c++    -std=c++14 -o CMakeFiles/cmTC_eee33.dir/feature_tests.cxx.o -c /var/stratum/cmake-build-debug/CMakeFiles/feature_tests.cxx
Linking CXX executable cmTC_eee33
/root/Downloads/clion-2019.1.4/bin/cmake/linux/bin/cmake -E cmake_link_script CMakeFiles/cmTC_eee33.dir/link.txt --verbose=1
/usr/bin/c++       CMakeFiles/cmTC_eee33.dir/feature_tests.cxx.o  -o cmTC_eee33 
make[1]: Leaving directory '/var/stratum/cmake-build-debug/CMakeFiles/CMakeTmp'


    Feature record: CXX_FEATURE:1cxx_aggregate_default_initializers
    Feature record: CXX_FEATURE:1cxx_alias_templates
    Feature record: CXX_FEATURE:1cxx_alignas
    Feature record: CXX_FEATURE:1cxx_alignof
    Feature record: CXX_FEATURE:1cxx_attributes
    Feature record: CXX_FEATURE:1cxx_attribute_deprecated
    Feature record: CXX_FEATURE:1cxx_auto_type
    Feature record: CXX_FEATURE:1cxx_binary_literals
    Feature record: CXX_FEATURE:1cxx_constexpr
    Feature record: CXX_FEATURE:1cxx_contextual_conversions
    Feature record: CXX_FEATURE:1cxx_decltype
    Feature record: CXX_FEATURE:1cxx_decltype_auto
    Feature record: CXX_FEATURE:1cxx_decltype_incomplete_return_types
    Feature record: CXX_FEATURE:1cxx_default_function_template_args
    Feature record: CXX_FEATURE:1cxx_defaulted_functions
    Feature record: CXX_FEATURE:1cxx_defaulted_move_initializers
    Feature record: CXX_FEATURE:1cxx_delegating_constructors
    Feature record: CXX_FEATURE:1cxx_deleted_functions
    Feature record: CXX_FEATURE:1cxx_digit_separators
    Feature record: CXX_FEATURE:1cxx_enum_forward_declarations
    Feature record: CXX_FEATURE:1cxx_explicit_conversions
    Feature record: CXX_FEATURE:1cxx_extended_friend_declarations
    Feature record: CXX_FEATURE:1cxx_extern_templates
    Feature record: CXX_FEATURE:1cxx_final
    Feature record: CXX_FEATURE:1cxx_func_identifier
    Feature record: CXX_FEATURE:1cxx_generalized_initializers
    Feature record: CXX_FEATURE:1cxx_generic_lambdas
    Feature record: CXX_FEATURE:1cxx_inheriting_constructors
    Feature record: CXX_FEATURE:1cxx_inline_namespaces
    Feature record: CXX_FEATURE:1cxx_lambdas
    Feature record: CXX_FEATURE:1cxx_lambda_init_captures
    Feature record: CXX_FEATURE:1cxx_local_type_template_args
    Feature record: CXX_FEATURE:1cxx_long_long_type
    Feature record: CXX_FEATURE:1cxx_noexcept
    Feature record: CXX_FEATURE:1cxx_nonstatic_member_init
    Feature record: CXX_FEATURE:1cxx_nullptr
    Feature record: CXX_FEATURE:1cxx_override
    Feature record: CXX_FEATURE:1cxx_range_for
    Feature record: CXX_FEATURE:1cxx_raw_string_literals
    Feature record: CXX_FEATURE:1cxx_reference_qualified_functions
    Feature record: CXX_FEATURE:1cxx_relaxed_constexpr
    Feature record: CXX_FEATURE:1cxx_return_type_deduction
    Feature record: CXX_FEATURE:1cxx_right_angle_brackets
    Feature record: CXX_FEATURE:1cxx_rvalue_references
    Feature record: CXX_FEATURE:1cxx_sizeof_member
    Feature record: CXX_FEATURE:1cxx_static_assert
    Feature record: CXX_FEATURE:1cxx_strong_enums
    Feature record: CXX_FEATURE:1cxx_template_template_parameters
    Feature record: CXX_FEATURE:1cxx_thread_local
    Feature record: CXX_FEATURE:1cxx_trailing_return_types
    Feature record: CXX_FEATURE:1cxx_unicode_literals
    Feature record: CXX_FEATURE:1cxx_uniform_initialization
    Feature record: CXX_FEATURE:1cxx_unrestricted_unions
    Feature record: CXX_FEATURE:1cxx_user_literals
    Feature record: CXX_FEATURE:1cxx_variable_templates
    Feature record: CXX_FEATURE:1cxx_variadic_macros
    Feature record: CXX_FEATURE:1cxx_variadic_templates


Detecting CXX [-std=c++11] compiler features compiled with the following output:
Change Dir: /var/stratum/cmake-build-debug/CMakeFiles/CMakeTmp

Run Build Command(s):/usr/bin/make cmTC_07c9e/fast 
/usr/bin/make -f CMakeFiles/cmTC_07c9e.dir/build.make CMakeFiles/cmTC_07c9e.dir/build
make[1]: Entering directory '/var/stratum/cmake-build-debug/CMakeFiles/CMakeTmp'
Building CXX object CMakeFiles/cmTC_07c9e.dir/feature_tests.cxx.o
/usr/bin/c++    -std=c++11 -o CMakeFiles/cmTC_07c9e.dir/feature_tests.cxx.o -c /var/stratum/cmake-build-debug/CMakeFiles/feature_tests.cxx
Linking CXX executable cmTC_07c9e
/root/Downloads/clion-2019.1.4/bin/cmake/linux/bin/cmake -E cmake_link_script CMakeFiles/cmTC_07c9e.dir/link.txt --verbose=1
/usr/bin/c++       CMakeFiles/cmTC_07c9e.dir/feature_tests.cxx.o  -o cmTC_07c9e 
make[1]: Leaving directory '/var/stratum/cmake-build-debug/CMakeFiles/CMakeTmp'


    Feature record: CXX_FEATURE:0cxx_aggregate_default_initializers
    Feature record: CXX_FEATURE:1cxx_alias_templates
    Feature record: CXX_FEATURE:1cxx_alignas
    Feature record: CXX_FEATURE:1cxx_alignof
    Feature record: CXX_FEATURE:1cxx_attributes
    Feature record: CXX_FEATURE:0cxx_attribute_deprecated
    Feature record: CXX_FEATURE:1cxx_auto_type
    Feature record: CXX_FEATURE:0cxx_binary_literals
    Feature record: CXX_FEATURE:1cxx_constexpr
    Feature record: CXX_FEATURE:0cxx_contextual_conversions
    Feature record: CXX_FEATURE:1cxx_decltype
    Feature record: CXX_FEATURE:0cxx_decltype_auto
    Feature record: CXX_FEATURE:1cxx_decltype_incomplete_return_types
    Feature record: CXX_FEATURE:1cxx_default_function_template_args
    Feature record: CXX_FEATURE:1cxx_defaulted_functions
    Feature record: CXX_FEATURE:1cxx_defaulted_move_initializers
    Feature record: CXX_FEATURE:1cxx_delegating_constructors
    Feature record: CXX_FEATURE:1cxx_deleted_functions
    Feature record: CXX_FEATURE:0cxx_digit_separators
    Feature record: CXX_FEATURE:1cxx_enum_forward_declarations
    Feature record: CXX_FEATURE:1cxx_explicit_conversions
    Feature record: CXX_FEATURE:1cxx_extended_friend_declarations
    Feature record: CXX_FEATURE:1cxx_extern_templates
    Feature record: CXX_FEATURE:1cxx_final
    Feature record: CXX_FEATURE:1cxx_func_identifier
    Feature record: CXX_FEATURE:1cxx_generalized_initializers
    Feature record: CXX_FEATURE:0cxx_generic_lambdas
    Feature record: CXX_FEATURE:1cxx_inheriting_constructors
    Feature record: CXX_FEATURE:1cxx_inline_namespaces
    Feature record: CXX_FEATURE:1cxx_lambdas
    Feature record: CXX_FEATURE:0cxx_lambda_init_captures
    Feature record: CXX_FEATURE:1cxx_local_type_template_args
    Feature record: CXX_FEATURE:1cxx_long_long_type
    Feature record: CXX_FEATURE:1cxx_noexcept
    Feature record: CXX_FEATURE:1cxx_nonstatic_member_init
    Feature record: CXX_FEATURE:1cxx_nullptr
    Feature record: CXX_FEATURE:1cxx_override
    Feature record: CXX_FEATURE:1cxx_range_for
    Feature record: CXX_FEATURE:1cxx_raw_string_literals
    Feature record: CXX_FEATURE:1cxx_reference_qualified_functions
    Feature record: CXX_FEATURE:0cxx_relaxed_constexpr
    Feature record: CXX_FEATURE:0cxx_return_type_deduction
    Feature record: CXX_FEATURE:1cxx_right_angle_brackets
    Feature record: CXX_FEATURE:1cxx_rvalue_references
    Feature record: CXX_FEATURE:1cxx_sizeof_member
    Feature record: CXX_FEATURE:1cxx_static_assert
    Feature record: CXX_FEATURE:1cxx_strong_enums
    Feature record: CXX_FEATURE:1cxx_template_template_parameters
    Feature record: CXX_FEATURE:1cxx_thread_local
    Feature record: CXX_FEATURE:1cxx_trailing_return_types
    Feature record: CXX_FEATURE:1cxx_unicode_literals
    Feature record: CXX_FEATURE:1cxx_uniform_initialization
    Feature record: CXX_FEATURE:1cxx_unrestricted_unions
    Feature record: CXX_FEATURE:1cxx_user_literals
    Feature record: CXX_FEATURE:0cxx_variable_templates
    Feature record: CXX_FEATURE:1cxx_variadic_macros
    Feature record: CXX_FEATURE:1cxx_variadic_templates


Detecting CXX [-std=c++98] compiler features compiled with the following output:
Change Dir: /var/stratum/cmake-build-debug/CMakeFiles/CMakeTmp

Run Build Command(s):/usr/bin/make cmTC_4ac2b/fast 
/usr/bin/make -f CMakeFiles/cmTC_4ac2b.dir/build.make CMakeFiles/cmTC_4ac2b.dir/build
make[1]: Entering directory '/var/stratum/cmake-build-debug/CMakeFiles/CMakeTmp'
Building CXX object CMakeFiles/cmTC_4ac2b.dir/feature_tests.cxx.o
/usr/bin/c++    -std=c++98 -o CMakeFiles/cmTC_4ac2b.dir/feature_tests.cxx.o -c /var/stratum/cmake-build-debug/CMakeFiles/feature_tests.cxx
Linking CXX executable cmTC_4ac2b
/root/Downloads/clion-2019.1.4/bin/cmake/linux/bin/cmake -E cmake_link_script CMakeFiles/cmTC_4ac2b.dir/link.txt --verbose=1
/usr/bin/c++       CMakeFiles/cmTC_4ac2b.dir/feature_tests.cxx.o  -o cmTC_4ac2b 
make[1]: Leaving directory '/var/stratum/cmake-build-debug/CMakeFiles/CMakeTmp'


    Feature record: CXX_FEATURE:0cxx_aggregate_default_initializers
    Feature record: CXX_FEATURE:0cxx_alias_templates
    Feature record: CXX_FEATURE:0cxx_alignas
    Feature record: CXX_FEATURE:0cxx_alignof
    Feature record: CXX_FEATURE:0cxx_attributes
    Feature record: CXX_FEATURE:0cxx_attribute_deprecated
    Feature record: CXX_FEATURE:0cxx_auto_type
    Feature record: CXX_FEATURE:0cxx_binary_literals
    Feature record: CXX_FEATURE:0cxx_constexpr
    Feature record: CXX_FEATURE:0cxx_contextual_conversions
    Feature record: CXX_FEATURE:0cxx_decltype
    Feature record: CXX_FEATURE:0cxx_decltype_auto
    Feature record: CXX_FEATURE:0cxx_decltype_incomplete_return_types
    Feature record: CXX_FEATURE:0cxx_default_function_template_args
    Feature record: CXX_FEATURE:0cxx_defaulted_functions
    Feature record: CXX_FEATURE:0cxx_defaulted_move_initializers
    Feature record: CXX_FEATURE:0cxx_delegating_constructors
    Feature record: CXX_FEATURE:0cxx_deleted_functions
    Feature record: CXX_FEATURE:0cxx_digit_separators
    Feature record: CXX_FEATURE:0cxx_enum_forward_declarations
    Feature record: CXX_FEATURE:0cxx_explicit_conversions
    Feature record: CXX_FEATURE:0cxx_extended_friend_declarations
    Feature record: CXX_FEATURE:0cxx_extern_templates
    Feature record: CXX_FEATURE:0cxx_final
    Feature record: CXX_FEATURE:0cxx_func_identifier
    Feature record: CXX_FEATURE:0cxx_generalized_initializers
    Feature record: CXX_FEATURE:0cxx_generic_lambdas
    Feature record: CXX_FEATURE:0cxx_inheriting_constructors
    Feature record: CXX_FEATURE:0cxx_inline_namespaces
    Feature record: CXX_FEATURE:0cxx_lambdas
    Feature record: CXX_FEATURE:0cxx_lambda_init_captures
    Feature record: CXX_FEATURE:0cxx_local_type_template_args
    Feature record: CXX_FEATURE:0cxx_long_long_type
    Feature record: CXX_FEATURE:0cxx_noexcept
    Feature record: CXX_FEATURE:0cxx_nonstatic_member_init
    Feature record: CXX_FEATURE:0cxx_nullptr
    Feature record: CXX_FEATURE:0cxx_override
    Feature record: CXX_FEATURE:0cxx_range_for
    Feature record: CXX_FEATURE:0cxx_raw_string_literals
    Feature record: CXX_FEATURE:0cxx_reference_qualified_functions
    Feature record: CXX_FEATURE:0cxx_relaxed_constexpr
    Feature record: CXX_FEATURE:0cxx_return_type_deduction
    Feature record: CXX_FEATURE:0cxx_right_angle_brackets
    Feature record: CXX_FEATURE:0cxx_rvalue_references
    Feature record: CXX_FEATURE:0cxx_sizeof_member
    Feature record: CXX_FEATURE:0cxx_static_assert
    Feature record: CXX_FEATURE:0cxx_strong_enums
    Feature record: CXX_FEATURE:1cxx_template_template_parameters
    Feature record: CXX_FEATURE:0cxx_thread_local
    Feature record: CXX_FEATURE:0cxx_trailing_return_types
    Feature record: CXX_FEATURE:0cxx_unicode_literals
    Feature record: CXX_FEATURE:0cxx_uniform_initialization
    Feature record: CXX_FEATURE:0cxx_unrestricted_unions
    Feature record: CXX_FEATURE:0cxx_user_literals
    Feature record: CXX_FEATURE:0cxx_variable_templates
    Feature record: CXX_FEATURE:0cxx_variadic_macros
    Feature record: CXX_FEATURE:0cxx_variadic_templates
